Name,Stars,Reviews,Image,Date,numofreviews,ckipnlp,score,modelscore,sub_score
陳文章,Undefined or invalid parameter - num_stars,料好價格又實在，每次帶朋友去都得到好評！,,7 小時前,在地嚮導 · 8 則評論,料好|價格|又|實在|，|每|次|帶|朋友|去|都|得到|好評|！,1.6,,
Ken Chen,Undefined or invalid parameter - num_stars,建議多人來吃比較可以點多樣豬腳真的是必吃的呀,,3 天前,18 則評論,建議|多|人|來|吃|比較|可以|點|多樣|豬腳|真的|是|必|吃|的|呀,4.0,,
Ming,Undefined or invalid parameter - num_stars,每次來都會吃,,3 天前,在地嚮導 · 37 則評論,每|次|來|都|會|吃,0.8,,
Hongz,Undefined or invalid parameter - num_stars,跟育傑老大來吃豬腳 阿姨服務親切,,4 天前,在地嚮導 · 15 則評論,跟|育傑|老大|來|吃|豬腳|阿姨|服務|親切,1.6,,
劉銘杰,Undefined or invalid parameter - num_stars,客人不多 不喜歡擁擠的可以考慮這邊食材不肯定是否新鮮 但沒拉肚子所以應該可以,,5 天前,在地嚮導 · 262 則評論,客人|不|多|不|喜歡|擁擠|的|可以|考慮|這邊|食材|不|肯定|是否|新鮮|但|沒|拉肚子|所以|應該|可以,2.0,,
Tsueigueijong Tsuei,Undefined or invalid parameter - num_stars,好吃沒豬腥味，處理的很乾淨，豬腳秤重的 平均單價落在550上下，其他的菜差強人意,,5 天前,在地嚮導 · 237 則評論,好吃|沒|豬|腥味|，|處理|的|很|乾淨|，|豬腳|秤重|的|平均|單價|落在|550|上下|，|其他|的|菜|差|強人意,4.0,,
流浪雞村長,Undefined or invalid parameter - num_stars,為什麼可以這麼好吃又好遠,,5 天前,在地嚮導 · 207 則評論,為什麼|可以|這麼|好吃|又|好|遠,1.6,,
Roget Chow,Undefined or invalid parameter - num_stars,好吃,,5 天前,在地嚮導 · 167 則評論,好吃,0.8,,
Juseng,Undefined or invalid parameter - num_stars,QQ的豬腳 好吃,,6 天前,在地嚮導 · 65 則評論,QQ|的|豬腳|好吃,0.8,,
小胡狸,Undefined or invalid parameter - num_stars,選好肉現切，皮Q肉嫩，醬料有蒜頭。回購率95%,,6 天前,在地嚮導 · 179 則評論,選好|肉現切|，|皮|Q|肉嫩|，|醬料|有|蒜頭|。|回購率|95%,0.8,,
許宏年,Undefined or invalid parameter - num_stars,好吃的萬巒豬腳從小到大只吃林家！,,6 天前,在地嚮導 · 45 則評論,好吃|的|萬巒|豬腳|從小到大|只|吃|林家|！,0.8,,
黃雅雰,Undefined or invalid parameter - num_stars,停車位方便，出菜速度快，服務也好，豬腳Q彈帶皮更好吃。點了幾道菜都不錯吃。,,6 天前,在地嚮導 · 31 則評論,停車位|方便|，|出菜|速度|快|，|服務|也好|，|豬腳|Q|彈|帶|皮|更|好吃|。|點|了|幾|道|菜|都|不錯|吃|。,4.0,,
宏裕,Undefined or invalid parameter - num_stars,好吃的沒話說。,,1 週前,在地嚮導 · 69 則評論,好吃|的|沒|話|說|。,0.8,,
屈宏吉,Undefined or invalid parameter - num_stars,我是老客戶，以前味道現在沒變不錯，,,1 週前,在地嚮導 · 20 則評論,我|是|老|客戶|，|以前|味道|現在|沒|變|不錯|，,1.6,,
莊飛飛,Undefined or invalid parameter - num_stars,吃了好幾年，品質穩定，豬腳入口即化，香味十足，非常推薦！,,1 週前,在地嚮導 · 134 則評論,吃|了|好幾|年|，|品質|穩定|，|豬腳|入口|即|化|，|香味|十足|，|非常|推薦|！,2.4000000000000004,,
Sam Yang (Polar Bear),Undefined or invalid parameter - num_stars,沒有那麼好吃。,,1 週前,"在地嚮導 · 1,346 則評論",沒有|那麼|好吃|。,0.8,,
韓介安,Undefined or invalid parameter - num_stars,個人感覺口感很合，很合我的要求,,1 週前,在地嚮導 · 3 則評論,個人|感覺|口感|很|合|，|很|合|我|的|要求,0.8,,
Kelly Lin,Undefined or invalid parameter - num_stars,老師很用心，霧眉非常自然，讚👍 …,,1 週前,4 則評論,老師|很|用心|，|霧眉|非常|自然|，|讚👍|…,1.6,,
James Lee,Undefined or invalid parameter - num_stars,其實也說不上來有什麼特別，就如同一般大眾型餐館該有的口味但潤雙月還是來排排隊吃個應景也是不錯的選擇......,,1 週前,在地嚮導 · 32 則評論,其實|也|說不上來|有|什麼|特別|，|就|如同|一般|大眾型|餐館|該|有|的|口味|但|潤|雙月|還是|來|排排隊|吃|個|應景|也|是|不錯|的|選擇|.|.|.|...,3.0,,
陳述正,Undefined or invalid parameter - num_stars,價格及品目多樣化。人少的時候買小盤、人多買大盤。稱重服務很親切，不像其他店家固定一盤500元。,,1 週前,在地嚮導 · 206 則評論,價格|及|品目|多樣化|。|人|少|的|時候|買|小盤|、|人|多|買|大盤|。|稱重|服務|很|親切|，|不|像|其他|店家|固定|一|盤|500|元|。,5.0,,
徐資富,Undefined or invalid parameter - num_stars,好吃，份量足，價格實惠。,,2 週前,"在地嚮導 · 1,231 則評論",好吃|，|份量|足|，|價格|實惠|。,2.4000000000000004,,
林凱西,Undefined or invalid parameter - num_stars,豬腳搭配醬料十分可口,,2 週前,在地嚮導 · 20 則評論,豬腳|搭配|醬料|十分|可口,0.8,,
宋孟哲,Undefined or invalid parameter - num_stars,豬腳以重量記算，均在500元左右，味道不差，有專屬停車場，走路約五分鍾,,2 週前,12 則評論,豬腳|以|重量|記算|，|均|在|500|元|左右|，|味道|不|差|，|有|專屬|停車場|，|走路|約|五|分|鍾,1.0,,
hitomi hayashi,Undefined or invalid parameter - num_stars,豬腳Q彈軟爛、醬汁蒜味濃郁甜鹹適度，是一人間美味，但生意很好大排長龍，所以服務就很難兼顧，東港的雙糕潤一定買來吃，大人小孩都可輕易咀嚼的食物。,,2 週前,在地嚮導 · 30 則評論,豬腳|Q|彈|軟爛|、|醬汁|蒜味|濃郁|甜鹹|適度|，|是|一|人間|美味|，|但|生意|很|好|大排長龍|，|所以|服務|就|很|難|兼顧|，|東港|的|雙糕潤|一定|買來|吃|，|大人|小孩|都|可|輕易|咀嚼|的|食物|。,6.0,,
陳人達,Undefined or invalid parameter - num_stars,豬腳很好吃，萬巒這一帶的豬腳都很有水準，不用去硬擠海鴻,,2 週前,在地嚮導 · 585 則評論,豬腳|很|好吃|，|萬巒|這|一帶|的|豬腳|都|很|有|水準|，|不用|去|硬擠|海鴻,2.0,,
李大仁,Undefined or invalid parameter - num_stars,不管是林家 熊家 海鴻 我都推 豬腳跟板條🤣 …,,2 週前,6 則評論,不管|是|林家熊|家|海鴻|我|都|推|豬腳|跟|板條|🤣|…,0.8,,
wanyiu lo,Undefined or invalid parameter - num_stars,萬巒三寶：林家豬腳、家樂檸檬愛玉、復脈園霜淇淋。,,2 週前,1 則評論,萬巒三|寶|：|林家|豬腳|、|家樂|檸檬|愛玉|、|復脈園|霜淇淋|。,0.0,,
邱有俊有俊,Undefined or invalid parameter - num_stars,最好吃的豬腳,,2 週前,在地嚮導 · 16 則評論,最|好吃|的|豬腳,0.8,,
yupin Chen,Undefined or invalid parameter - num_stars,環境有點小且較舊式，餐點還不錯，價錢合理，豬腳必點。,,2 週前,13 則評論,環境|有點|小|且|較|舊式|，|餐點|還|不錯|，|價錢|合理|，|豬腳|必|點|。,3.2,,
鄭貴文,Undefined or invalid parameter - num_stars,豬腳好吃！軟Q美味！現場吃更棒！,,2 週前,13 則評論,豬腳|好吃|！|軟|Q|美味|！|現場|吃|更|棒|！,3.2,,
簡單,Undefined or invalid parameter - num_stars,菜嫩 豬腳香,,3 週前,17 則評論,菜嫩|豬腳|香,0.8,,
陳育安,Undefined or invalid parameter - num_stars,好吃，每年必買,,3 週前,20 則評論,好吃|，|每|年|必|買,1.6,,
AA臭男人,Undefined or invalid parameter - num_stars,部落客推薦的店，今天去吃完後，下次會再光顧的餐廳，他們家的豬腳軟韌，瘦肉部分不死柴👍 …,,3 週前,在地嚮導 · 313 則評論,部落客|推薦|的|店|，|今天|去|吃完|後|，|下|次|會|再|光顧|的|餐廳|，|他們|家|的|豬腳|軟韌|，|瘦肉|部分|不|死|柴👍|…,3.0,,
Stefanie Hu,Undefined or invalid parameter - num_stars,生意好對消費者的政策百般刁難4/3昨天來現場買豬腳 …,,3 週前,在地嚮導 · 90 則評論,生意|好|對|消費者|的|政策|百般|刁難|4/3|昨天|來|現場|買|豬腳|…,1.6,,
r LU,Undefined or invalid parameter - num_stars,還不錯,,3 週前,1 則評論,還|不錯,0.8,,
林紫玲,Undefined or invalid parameter - num_stars,爛到外太空的態度不只這間～賣豬腳賣出新高度很跩～連一顆星都不想給 …,,3 週前,2 則評論,爛到|外太空|的|態度|不只|這|間|～|賣|豬腳|賣出|新|高度|很|跩|～|連|一|顆|星|都|不|想|給|…,3.0,,
林啊能,Undefined or invalid parameter - num_stars,豬腳很好吃，很值得信賴的店家。,,3 週前,在地嚮導,豬腳|很|好吃|，|很|值得|信賴|的|店家|。,1.6,,
游虹,Undefined or invalid parameter - num_stars,好吃謝謝您,,3 週前,在地嚮導 · 44 則評論,好吃|謝謝|您,0.8,,
陳啟清,Undefined or invalid parameter - num_stars,須限量購買，須排兩次較麻煩,,3 週前,在地嚮導 · 11 則評論,須|限量|購買|，|須|排|兩|次|較|麻煩,2.4000000000000004,,
C H M,Undefined or invalid parameter - num_stars,真的是好吃 不多說 吃就對了,,3 週前,在地嚮導 · 199 則評論,真的|是|好吃|不|多|說|吃|就|對了,1.6,,
利,Undefined or invalid parameter - num_stars,今天點乾、湯米苔目服務人員（好像在醬料區負責的）説以賣完，然後我們就表示那就改湯、乾粄條，不知道是沒聽不懂還是沒耐性，口氣很不好一直説你們沒點主食，當下傻眼難道點2湯1乾米苔目不是主食那是什麼？而且有規定一定要點主食嗎？，要不是今天有帶朋友去心想那就算了，結果朋友説隔壁桌的客人入坐後同一個服務人員拿碗給客人是用丟的很離譜耶，我知道最近萬巒豬腳街因為閏二月關係人潮很多，也不該用這種態度對客人，以後再也不會去花錢找罪受,,3 週前,在地嚮導 · 55 則評論,今天|點乾|、|湯米苔目|服務|人員|（|好像|在|醬料區|負責|的|）|説|以|賣完|，|然後|我們|就|表示|那|就|改|湯|、|乾|粄條|，|不|知道|是|沒|聽|不|懂|還是|沒|耐性|，|口氣|很|不|好|一直|説|你們|沒|點|主食|，|當下|傻眼|難道|點|2|湯|1|乾|米苔目|不|是|主食|那|是|什麼|？|而且|有|規定|一定|要|點|主食|嗎|？|，|要不是|今天|有|帶|朋友|去|心想|那|就|算了|，|結果|朋友|説|隔壁桌|的|客人|入坐|後|同|一|個|服務|人員|拿|碗|給|客人|是|用|丟|的|很|離譜|耶|，|我|知道|最近|萬巒|豬腳街|因為|閏|二月|關係|人潮|很多|，|也|不|該|用|這|種|態度|對|客人|，|以後|再|也|不會|去|花錢|找罪|受,8.0,,
篤恭陳,Undefined or invalid parameter - num_stars,可惜太晚到了，沒能買到豬腳，不過其他豬舌豬尾巴都很好吃,,3 週前,在地嚮導 · 249 則評論,可惜|太晚|到|了|，|沒|能|買到|豬腳|，|不過|其他|豬舌|豬|尾巴|都|很|好吃,4.0,,
Wenson,Undefined or invalid parameter - num_stars,不能外帶，店家可能不想賺外帶的錢,,4 週前,在地嚮導 · 28 則評論,不能|外帶|，|店家|可能|不|想|賺|外帶|的|錢,0.8,,
李家興,Undefined or invalid parameter - num_stars,違規，佔路。。。。賺錢賺成這樣，有必要嗎？,,1 個月前,8 則評論,違規|，|佔|路|。|。|。|。|賺錢|賺成|這樣|，|有|必要|嗎|？,0.8,,
Joseph Huang,Undefined or invalid parameter - num_stars,今天下午排了快半小時，一位阿姨突然喊豬腳快沒了後面不用再排了，結果只好放棄，怎料後來一個男生出來登記豬腳數量，一直登記到原本排隊位置的後面，讓人感受非常差，希望店家人員不要憑空亂喊，而是依據剩餘數量再登記客人數量到哪裡截止停止排隊才是。,,1 個月前,在地嚮導 · 72 則評論,今天|下午|排|了|快|半|小時|，|一|位|阿姨|突然|喊|豬腳|快|沒|了|後面|不用|再|排|了|，|結果|只好|放棄|，|怎|料|後來|一|個|男生|出來|登記|豬腳|數量|，|一直|登記到|原本|排隊|位置|的|後面|，|讓|人|感受|非常|差|，|希望|店家|人員|不要|憑空|亂|喊|，|而是|依據|剩餘|數量|再|登記|客人|數量|到|哪裡|截止|停止|排隊|才|是|。,7.0,,
林聖醫,Undefined or invalid parameter - num_stars,第一次來這家，口感Q嫩不錯吃😎 …,,1 個月前,5 則評論,第一|次|來|這|家|，|口感|Q|嫩|不錯|吃|😎|…,1.6,,
游永善,Undefined or invalid parameter - num_stars,豬腳入味、皮很Q，豬舌也很嫩；上菜速度快；附近有專屬停車場；下次會再來,,1 個月前,在地嚮導 · 23 則評論,豬腳|入|味|、|皮|很|Q|，|豬舌|也|很|嫩|；|上菜|速度|快|；|附近|有|專屬|停車場|；|下|次|會|再|來,3.0,,
政賢,Undefined or invalid parameter - num_stars,豬腳缺貨，來點其他豬的部位，也不錯,,1 個月前,在地嚮導 · 18 則評論,豬腳|缺|貨|，|來|點|其他|豬|的|部位|，|也|不錯,1.6,,
尤菁,Undefined or invalid parameter - num_stars,還是林家好吃,,1 個月前,3 則評論,還是|林家|好吃,0.8,,
Shu Feng Tang,Undefined or invalid parameter - num_stars,假日去吃萬鑾豬腳肯定要大排長龍，為當地名氣小吃店，熱菜炒的不錯，豬腳皮Q肉軟，老少咸宜，記得早點去避開排隊人潮,,1 個月前,在地嚮導 · 224 則評論,假日|去|吃|萬鑾|豬腳|肯定|要|大排長龍|，|為|當地|名氣|小吃店|，|熱|菜|炒|的|不錯|，|豬腳皮|Q|肉軟|，|老少咸宜|，|記得|早點|去|避開|排隊|人潮,6.0,,
葉麥片,Undefined or invalid parameter - num_stars,人太多期間不建議來，要排隊且品質會下降,,1 個月前,在地嚮導 · 55 則評論,人|太多|期間|不|建議|來|，|要|排隊|且|品質|會|下降,0.8,,
小佩,Undefined or invalid parameter - num_stars,豬腳不錯吃，其他菜還好,,1 個月前,2 則評論,豬腳|不錯|吃|，|其他|菜|還好,0.8,,
how osoliven,Undefined or invalid parameter - num_stars,好吃的豬蹄,,1 個月前,在地嚮導 · 214 則評論,好吃|的|豬蹄,0.8,,
陳月桂,Undefined or invalid parameter - num_stars,第一次嚐試海鴻以外的店，嗯～還是回海鴻吃好了，但麵線不錯。,,1 個月前,在地嚮導 · 195 則評論,第一|次|嚐試|海鴻|以外|的|店|，|嗯|～|還是|回|海鴻|吃好|了|，|但|麵線|不錯|。,2.0,,
Icecream Su,Undefined or invalid parameter - num_stars,超好吃～～～Qㄉㄟˋㄉㄟˋ👍🏻 …,,1 個月前,在地嚮導 · 196 則評論,超|好吃|～～～Qㄉㄟˋㄉㄟˋ👍🏻|…,0.8,,
Yang夏卡,Undefined or invalid parameter - num_stars,好吃😋但人潮較多 …,,1 個月前,在地嚮導 · 72 則評論,好吃|😋|但|人潮|較多|…,1.6,,
Fox Lee,Undefined or invalid parameter - num_stars,豬腳真的好吃 在地人推薦！！,,1 個月前,在地嚮導 · 20 則評論,豬腳|真的|好吃|在地人|推薦|！|！,0.8,,
陳慶榮,Undefined or invalid parameter - num_stars,原本都是買別家，大嫂有一次買了這家，覺得超香的也去買買看，結果一試成主顧,,1 個月前,10 則評論,原本|都|是|買|別|家|，|大嫂|有|一|次|買|了|這|家|，|覺得|超香|的|也|去|買買|看|，|結果|一|試成|主顧,2.0,,
黃紹育（UrielTiger）,Undefined or invalid parameter - num_stars,Q彈有嚼勁 讓人很想常常去買,,1 個月前,在地嚮導 · 69 則評論,Q|彈|有|嚼勁|讓|人|很|想|常常|去|買,0.8,,
fujen chen,Undefined or invalid parameter - num_stars,林家豬腳一直是我們家的第一選擇，口味上跟其他間相較之下會偏甜，搭配他提供的蒜蓉醬，認真絕配！若是喜好南部口味，認真推薦林家豬腳！ …,,1 個月前,在地嚮導 · 29 則評論,林家|豬腳|一直|是|我們|家|的|第一|選擇|，|口味|上|跟|其他|間|相較|之下|會|偏|甜|，|搭配|他|提供|的|蒜蓉醬|，|認真|絕配|！|若是|喜好|南部|口味|，|認真|推薦|林家|豬腳|！|…,3.0,,
洪珍珍,Undefined or invalid parameter - num_stars,每次去必買的林家豬腳 本身是廚師 所以才獲得我的讚賞 其它2家 是還可以 只是林家豬腳是真的不錯,,1 個月前,在地嚮導 · 21 則評論,每|次|去|必|買|的|林家|豬腳|本身|是|廚師|所以|才|獲得|我|的|讚賞|其它|2|家|是|還可以|只|是|林家|豬腳|是|真的|不錯,2.0,,
MING-CHIEN LEE,Undefined or invalid parameter - num_stars,好吃。 每當去墾丁回來必買,,1 個月前,在地嚮導 · 29 則評論,好吃|。|每當|去|墾丁|回來|必|買,1.6,,
陳昀粮,Undefined or invalid parameter - num_stars,豬腳真的很好吃，沒有豬腥味，蒜蓉沾醬也超好吃~客家小炒有鍋氣，很好吃！糖醋魚也好吃，乾麵線吃起來很Q，味道很好~~,,1 個月前,在地嚮導 · 48 則評論,豬腳|真的|很|好吃|，|沒有|豬腥味|，|蒜蓉|沾醬|也|超好吃|~|客家|小炒|有|鍋氣|，|很|好吃|！|糖醋魚|也|好吃|，|乾|麵線|吃起來|很|Q|，|味道|很|好|~~,7.0,,
賴建廷,Undefined or invalid parameter - num_stars,永遠只有排隊的時候,,1 個月前,"在地嚮導 · 1,788 則評論",永遠|只有|排隊|的|時候,0.0,,
Milu Wu,Undefined or invalid parameter - num_stars,是不錯吃、帶皮有咬勁、但瘦肉部份有点柴、路過可以過來吃看看、2/26來人潮很多、但很快~,,1 個月前,在地嚮導 · 2 則評論,是|不錯|吃|、|帶|皮|有|咬勁|、|但|瘦肉|部份|有|点柴|、|路過|可以|過來|吃|看看|、|2/26|來|人潮|很多|、|但|很|快|~,3.0,,
黃國晉,Undefined or invalid parameter - num_stars,第一次外帶林家豬腳，大排長龍的景象，著實讓我下了一跳，怎麼這麼多人外帶豬腳，好吃的豬腳，滷的油油亮亮的外皮，不油膩，搭配醬料，很好吃，林家醬料會有辣辣的口味，和之前買海鴻醬料不相同，個人覺得豬腳口感差不多，差異性在醬料的部份。,,1 個月前,45 則評論,第一|次|外帶|林家|豬腳|，|大排長龍|的|景象|，|著實|讓|我|下|了|一|跳|，|怎麼|這麼多|人|外帶|豬腳|，|好吃|的|豬腳|，|滷|的|油油|亮亮|的|外皮|，|不|油膩|，|搭配|醬料|，|很|好吃|，|林家|醬料|會|有|辣辣|的|口味|，|和|之前|買|海鴻|醬料|不|相同|，|個人|覺得|豬腳|口感|差不多|，|差異性|在|醬料|的|部份|。,8.0,,
王十曰,Undefined or invalid parameter - num_stars,人有點多,,1 個月前,在地嚮導 · 19 則評論,人|有點|多,0.8,,
V宋金珠,Undefined or invalid parameter - num_stars,當天吃桌菜環境可菜色佳豬腳口味微甜可口,,1 個月前,在地嚮導 · 99 則評論,當天|吃|桌菜|環境|可|菜色|佳|豬腳|口味|微甜|可口,2.4000000000000004,,
irene huang,Undefined or invalid parameter - num_stars,好吃美味豬腳,,1 個月前,3 則評論,好吃|美味|豬腳,1.6,,
陳弘章,Undefined or invalid parameter - num_stars,新鮮好吃，味美肉Q彈,,1 個月前,3 則評論,新鮮|好吃|，|味美肉|Q|彈,1.6,,
何仁傑,Undefined or invalid parameter - num_stars,上菜速度超快 豬腳超好吃 CP值超高,,1 個月前,4 則評論,上菜|速度|超快|豬腳|超|好吃|CP值|超高,2.4000000000000004,,
李珮慈,Undefined or invalid parameter - num_stars,"豬腳好吃，醬香濃郁的豬腳配上靈魂蒜蓉醬真的很讚但排隊要有心理準備，因為是現切的所以遇到訂單比較多的時候隊伍前進很慢。5,6位師傅已經火力全開卯起來剁豬腳了，人多的時候還是得等一兩個鐘頭",,1 個月前,在地嚮導 · 136 則評論,"豬腳|好吃|，|醬香|濃郁|的|豬腳|配上|靈魂|蒜蓉醬|真的|很|讚|但|排隊|要|有|心理|準備|，|因為|是|現切|的|所以|遇到|訂單|比較|多|的|時候|隊伍|前進|很|慢|。|5,6|位|師傅|已經|火力|全開|卯起來|剁|豬腳|了|，|人|多|的|時候|還是|得|等|一兩|個|鐘頭",8.0,,
Mim my,Undefined or invalid parameter - num_stars,"228連假最後一天也因為潤月買豬腳給長輩添壽就衝了，到的時間約1點多，結果從排隊到買到共花了快2小時@@，現場有看到人在剁豬腳以為只是人多需要花點時間消化，孰不知在剁的豬腳是宅配的，現場外帶的正。在。滷。|||||Orz.....店家可以告知正在排外帶的客人豬腳出爐時間，要不要等就是客人的選擇，不過店家並沒有做這個動作。因為已經等了1個多小時,不想白跑一趟,只好硬著頭皮等。",,1 個月前,1 則評論,"228|連|假|最後|一|天|也|因為|潤月|買|豬腳|給|長輩|添壽|就|衝|了|，|到|的|時間|約|1點|多|，|結果|從|排隊|到|買到|共|花|了|快|2|小時|@@|，|現場|有|看到|人|在|剁|豬腳|以為|只是|人|多|需要|花|點|時間|消化|，|孰|不|知|在|剁|的|豬腳|是|宅配|的|，|現場|外帶|的|正|。|在|。|滷|。||||||Orz|.|.|.|.|.|店家|可以|告知|正在|排外帶|的|客人|豬腳|出爐|時間|，|要不要|等|就|是|客人|的|選擇|，|不過|店家|並|沒有|做|這|個|動作|。|因為|已經|等|了|1|個|多|小時|,|不|想|白|跑|一|趟|,|只好|硬著頭皮|等|。",8.0,,
陳素切,Undefined or invalid parameter - num_stars,四天連假為了豬腳來萬巒兩次，個人口味林家比熊家好吃，滷味香肉又嫩，會讓人懷念的味道。,,1 個月前,2 則評論,四|天|連|假|為了|豬腳|來|萬巒|兩|次|，|個人|口味|林家|比|熊家|好吃|，|滷味|香肉|又|嫩|，|會|讓|人|懷念|的|味道|。,3.0,,
蔡鴻嘉,Undefined or invalid parameter - num_stars,生意很好,,1 個月前,63 則評論,生意|很|好,0.8,,
洪裕昇,Undefined or invalid parameter - num_stars,大排長龍 老字號比海鴻道地，算是在地潮州人豬腳的選擇。,,1 個月前,5 則評論,大排長龍|老字號|比|海鴻道地|，|算是|在地|潮州人|豬腳|的|選擇|。,1.0,,
chin yu,Undefined or invalid parameter - num_stars,非常差勁的店家，豬腳賣完要等下批，每批豬腳賣完要等30分鐘以上，完全不管排隊客人的時間，爛到極致的店。,,1 個月前,在地嚮導 · 174 則評論,非常|差勁|的|店家|，|豬腳|賣完|要|等|下|批|，|每|批|豬腳|賣完|要|等|30|分鐘|以上|，|完全|不管|排隊|客人|的|時間|，|爛到|極致|的|店|。,4.0,,
謝建豐,Undefined or invalid parameter - num_stars,等了二個小時還沒買到，店家也不公告要等多久。出爐一鍋約10隻豬腳，等半小時左右才一鍋。一出鍋，不到三個客人就賣完。不把外帶客人時間當時間，實在非常不推，連員工都不知道要讓客人等多久。,,1 個月前,在地嚮導 · 8 則評論,等|了|二|個|小時|還|沒|買到|，|店家|也|不|公告|要|等|多久|。|出爐|一|鍋|約|10|隻|豬腳|，|等|半|小時|左右|才|一|鍋|。|一|出鍋|，|不到|三|個|客人|就|賣完|。|不|把|外帶|客人|時間|當|時間|，|實在|非常|不|推|，|連|員工|都|不|知道|要|讓|客人|等|多久|。,5.0,,
吳亭蓁,Undefined or invalid parameter - num_stars,相較海鴻較不鹹，個人口味僅供參考,,1 個月前,2 則評論,相較|海鴻|較|不|鹹|，|個人|口味|僅|供|參考,0.8,,
風聲鶴唳,Undefined or invalid parameter - num_stars,好吃的豬腳,,1 個月前,35 則評論,好吃|的|豬腳,0.8,,
JAY CHANG,Undefined or invalid parameter - num_stars,不得不說…今天到店門口，那個人潮真是嚇到我了，人山人海...排隊長長！但是！萬巒豬腳真是有夠好吃...點半隻加三樣菜，又是撐壞的一餐！ …,,1 個月前,在地嚮導 · 227 則評論,不得不|說|…|今天|到|店|門口|，|那|個|人潮|真是|嚇到|我|了|，|人山人海|.|.|.|排隊|長長|！|但是|！|萬巒|豬腳|真是|有夠|好吃|.|.|.|點|半|隻|加|三|樣|菜|，|又|是|撐壞|的|一|餐|！|…,4.0,,
胡進國,Undefined or invalid parameter - num_stars,服務不錯,,1 個月前,1 則評論,服務|不錯,0.8,,
游賢銘,Undefined or invalid parameter - num_stars,閏二月人山人海,,1 個月前,在地嚮導 · 15 則評論,閏|二月|人山人海,0.8,,
Hsin,Undefined or invalid parameter - num_stars,餐點好吃，但是用餐環境可以再加強!連假外帶排好長,,1 個月前,6 則評論,餐點|好吃|，|但是|用餐|環境|可以|再|加強|!|連|假|外帶|排好|長,3.2,,
潘Alice,Undefined or invalid parameter - num_stars,豬腳好吃。,,1 個月前,1 則評論,豬腳|好吃|。,0.8,,
孫胖胖,Undefined or invalid parameter - num_stars,排了一小時的隊，才在算到哪邊就不能排了就這麼剛好 到我的前一位就沒了 從我之後大概還排了50人，都在浪費時間 …,,1 個月前,3 則評論,排|了|一|小時|的|隊|，|才|在|算到|哪|邊|就|不能|排|了|就|這麼|剛好|到|我|的|前|一|位|就|沒|了|從|我|之後|大概|還|排|了|50|人|，|都|在|浪費|時間|…,3.0,,
王靜萍,Undefined or invalid parameter - num_stars,228可怕的人潮，換桌率算蠻快。覺得比海鴻的好吃。 …,,1 個月前,4 則評論,228|可怕|的|人潮|，|換|桌率|算|蠻|快|。|覺得|比|海鴻|的|好吃|。|…,1.6,,
林麗屏,Undefined or invalid parameter - num_stars,始終如一👍林家豬腳😋 …,,1 個月前,14 則評論,始終|如一👍|林家|豬腳😋|…,0.0,,
FEFE WU,Undefined or invalid parameter - num_stars,人很多。,,1 個月前,在地嚮導 · 79 則評論,人|很多|。,0.8,,
kunjie zhang,Undefined or invalid parameter - num_stars,4.5顆星豬腳真的很好吃，沒地方比得上這個味道以前用宅配的就很好吃了😋 …,,1 個月前,2 則評論,4.5|顆|星豬腳|真的|很|好吃|，|沒|地方|比得上|這|個|味道|以前|用|宅|配|的|就|很|好吃|了|😋|…,2.0,,
黃雅文,Undefined or invalid parameter - num_stars,Nice,,1 個月前,34 則評論,Nice,0.0,,
ShengJui Chang,Undefined or invalid parameter - num_stars,They say local people like this store.,,1 個月前,14 則評論,Theysaylocalpeoplelikethisstore|.,0.0,,
Skylar Chen,Undefined or invalid parameter - num_stars,豬腳份量多，建議配麵線一起吃，上菜速度快，會詢問有無老人家，會安排在一樓用餐，很貼心,,1 個月前,1 則評論,豬腳|份量|多|，|建議|配|麵線|一起|吃|，|上菜|速度|快|，|會|詢問|有無|老人家|，|會|安排|在|一樓|用餐|，|很|貼心,4.0,,
王雪麗,Undefined or invalid parameter - num_stars,"太離譜了啦，在PChome上面訂豬腳禮盒，原本只註記由廠商出貨不會24小時到，想說冷凍食品這樣很正常，結果等了兩三天整個訂單還是完全沒動靜，回到商品頁面再次確認，卻發現商品突然被改成了預購商品!! 要等更久才會出貨，那樣一開始幹嘛放在一般賣場讓人選擇?! 阿不就還好提早好幾天在要贈禮之前持續關注商品的寄出狀況，否則還真的要傻傻地等到""預購""寄出日期到為止，太離譜了根本詐欺",,1 個月前,在地嚮導 · 13 則評論,"太|離譜|了|啦|，|在|PChome|上面|訂|豬腳|禮盒|，|原本|只|註記|由|廠商|出貨|不會|24|小時|到|，|想|說|冷凍|食品|這樣|很|正常|，|結果|等|了|兩三|天|整|個|訂單|還是|完全|沒|動靜|，|回到|商品|頁面|再次|確認|，|卻|發現|商品|突然|被|改成|了|預購|商品|!|!|要|等|更|久|才|會|出貨|，|那樣|一|開始|幹嘛|放|在|一般|賣場|讓|人|選擇|?|!|阿不|就|還好|提早|好幾|天|在|要|贈|禮|之前|持續|關注|商品|的|寄出|狀況|，|否則|還|真的|要|傻傻|地|等到|""|預購|""|寄出|日期|到|為止|，|太|離譜|了|根本|詐欺",8.0,,
Sheng-Jui,Undefined or invalid parameter - num_stars,豬腳好吃入味 不膩 一人一隻剛剛好熱炒也很吃,,1 個月前,3 則評論,豬腳|好吃|入味|不|膩|一|人|一|隻|剛剛|好|熱|炒|也|很|吃,3.2,,
辛彩雲,Undefined or invalid parameter - num_stars,好吃,,1 個月前,10 則評論,好吃,0.8,,
孫韡,Undefined or invalid parameter - num_stars,整體已經達到近五星水準，外帶豬腳，還有多樣炒菜類的餐點，豬腳絕對是必點無誤！醬汁調配搭豬腳非常夠味。軟嫩口感也是適中。也點了炒板條，也是很推薦，客家美食。這裡豬腳店面很多，目前嘗試這間，也是第一間，感覺很棒,,1 個月前,18 則評論,整體|已經|達到|近|五星|水準|，|外帶|豬腳|，|還|有|多樣|炒菜類|的|餐點|，|豬腳|絕對|是|必|點|無誤|！|醬汁|調配|搭|豬腳|非常|夠味|。|軟嫩|口感|也|是|適中|。|也|點|了|炒|板條|，|也|是|很|推薦|，|客家|美食|。|這裡|豬腳|店面|很多|，|目前|嘗試|這|間|，|也|是|第一|間|，|感覺|很|棒,8.0,,
黃慧英,Undefined or invalid parameter - num_stars,炒麵口味好，豬腳Q彈好吃，上菜快速，青菜沒什麼調味；有停車場、也可宅配，假日、熱門時段建議提前預約，不然現場排隊或選擇其他家,,1 個月前,在地嚮導 · 6 則評論,炒|麵|口味|好|，|豬腳|Q彈|好吃|，|上菜|快速|，|青菜|沒|什麼|調味|；|有|停車場|、|也|可|宅配|，|假日|、|熱門|時段|建議|提前|預約|，|不然|現場|排隊|或|選擇|其他|家,5.0,,
王志盛,Undefined or invalid parameter - num_stars,點餐大哥的服務態度超好，豬舌還不錯，可以吃看看唷！,,1 個月前,34 則評論,點餐|大哥|的|服務|態度|超好|，|豬舌|還|不錯|，|可以|吃|看看|唷|！,2.4000000000000004,,
蔡皓宇,Undefined or invalid parameter - num_stars,看評價不錯，決定來去吃看看。豬腳好吃，工作人員也親切有禮👍 …,,1 個月前,在地嚮導 · 307 則評論,看|評價|不錯|，|決定|來去|吃|看看|。|豬腳|好吃|，|工作|人員|也|親切|有|禮👍|…,3.0,,
陳建志,Undefined or invalid parameter - num_stars,味道&價格都在中上等這附近很多家賣豬腳的都不錯吃,,1 個月前,15 則評論,味道|&|價格|都|在|中上|等|這|附近|很多|家|賣|豬腳|的|都|不錯|吃,0.8,,
方智擎,Undefined or invalid parameter - num_stars,非常熱鬧,,1 個月前,2 則評論,非常|熱鬧,0.8,,
謝俊彥,Undefined or invalid parameter - num_stars,臨時決定來萬巒吃豬腳，看了一些店家的Google 評論，決定到「正宗林家豬腳」品嚐，一向很怕吃到肥嘟嘟，所以跟服務人員特別請求「儘量瘦一點」的，沒想到出餐快速，一盤秀色可餐讓人垂涎三尺的豬腳上桌了！店家真的好貼心，切瘦肉較多的豬腳，咬一口不柴很香有滷入味，沒有恐怖的豬腥味，豬腳肥的部份很香Q，連不敢吃肥的我都吃得津津有味，真的是大推！地瓜葉炒得很有古早味，湯粄條是屬於細粄條，乾麵線都有荳芽菜韭菜油蔥酥，好吃！下次一定會再來品嚐。,,1 個月前,在地嚮導 · 271 則評論,臨時|決定|來|萬|巒|吃|豬腳|，|看|了|一些|店家|的|Google|評論|，|決定|到|「|正宗|林家|豬腳|」|品嚐|，|一向|很|怕|吃到|肥嘟嘟|，|所以|跟|服務|人員|特別|請求|「|儘量|瘦|一點|」|的|，|沒想到|出餐|快速|，|一|盤|秀色|可餐|讓|人|垂涎三尺|的|豬腳|上桌|了|！|店家|真的|好|貼心|，|切|瘦肉|較多|的|豬腳|，|咬|一|口|不|柴|很|香|有|滷|入味|，|沒有|恐怖|的|豬腥味|，|豬腳|肥|的|部份|很|香|Q|，|連|不|敢|吃|肥|的|我|都|吃|得|津津有味|，|真的|是|大推|！|地瓜葉|炒|得|很|有|古早味|，|湯|粄條|是|屬於|細|粄條|，|乾|麵線|都|有|荳芽菜|韭菜|油蔥酥|，|好吃|！|下|次|一定|會|再|來|品嚐|。,8.0,,
W. J. C,Undefined or invalid parameter - num_stars,只能買整大塊，太多了！萬泰可以買半斤，比較彈性，說真的口味真的差不多！,,1 個月前,1 則評論,只|能|買|整|大|塊|，|太多|了|！|萬泰|可以|買|半|斤|，|比較|彈性|，|說真的|口味|真的|差不多|！,6.0,,
Ciao yu,Undefined or invalid parameter - num_stars,有附設停車場，停車位還算多，離本店腳程大概3-5分鐘的距離。 …,,1 個月前,6 則評論,有|附設|停車場|，|停車位|還|算|多|，|離|本|店|腳程|大概|3|-|5|分鐘|的|距離|。|…,1.0,,
Leon Liu,Undefined or invalid parameter - num_stars,過年期間環島經過屏東特地去買個豬腳再往台東多良車站享用，豬腳沒腥味沾上蒜蓉醬真的好好吃，昨天又網購希望能像現場買ㄧ樣好吃,,1 個月前,在地嚮導 · 288 則評論,過年|期間|環島|經過|屏東|特地|去|買|個|豬腳|再|往|台東|多良|車站|享用|，|豬腳|沒|腥味|沾上|蒜蓉醬|真的|好好吃|，|昨天|又|網購|希望|能|像|現場|買|ㄧ樣|好吃,4.0,,
邱大,Undefined or invalid parameter - num_stars,豬肉軟Q好好吃必推炸豆腐滿滿一桌菜經濟價格實惠,,1 個月前,在地嚮導 · 67 則評論,豬肉|軟|Q|好好吃|必|推炸|豆腐|滿滿|一|桌|菜|經濟|價格|實惠,4.0,,
陳玉麟,Undefined or invalid parameter - num_stars,超好吃,,1 個月前,在地嚮導 · 18 則評論,超|好吃,0.8,,
蕭兆廷,Undefined or invalid parameter - num_stars,買賣速度很快，臨停本來好有壓力，但速度够快就太棒了,,1 個月前,在地嚮導 · 708 則評論,買賣|速度|很|快|，|臨停|本來|好|有|壓力|，|但|速度|够|快|就|太|棒|了,1.6,,
黃文俊,Undefined or invalid parameter - num_stars,Good,,1 個月前,17 則評論,Good,0.0,,
Rick Zhong,Undefined or invalid parameter - num_stars,二十幾年前吃過一次， 今天路過。,,1 個月前,39 則評論,二十幾|年|前|吃|過|一|次|，|今天|路過|。,0.0,,
Monika,Undefined or invalid parameter - num_stars,到店的時候接近關店還有一小時，工作人員很細心的先提醒顧客，豬腳好吃，尤其現場點的板條和有過貓也好好吃，個人覺得薑絲炒大腸味道很足，內用直接切了一隻豬腳還有其他，吃不完還能打包外帶，工作人員很親切又細心，看到我們打包還趕快幫我們拿醬料，這家會列入口袋名單內。,,1 個月前,7 則評論,到|店|的|時候|接近|關|店|還|有|一|小時|，|工作|人員|很|細心|的|先|提醒|顧客|，|豬腳|好吃|，|尤其|現場點|的|板條|和|有|過|貓|也|好|好吃|，|個人|覺得|薑絲|炒|大腸|味道|很|足|，|內用|直接|切|了|一|隻|豬腳|還|有|其他|，|吃|不|完|還|能|打包|外帶|，|工作|人員|很|親切|又|細心|，|看到|我們|打包|還|趕快|幫|我們|拿|醬料|，|這|家|會|列入|口袋|名單|內|。,8.0,,
James Pearce Lai,Undefined or invalid parameter - num_stars,就是這家，其他都輸,,1 個月前,在地嚮導 · 42 則評論,就|是|這|家|，|其他|都|輸,0.0,,
Linda Lin,Undefined or invalid parameter - num_stars,好吃bj4,,1 個月前,在地嚮導 · 19 則評論,好吃|bj4,0.8,,
Shu Lun Lin,Undefined or invalid parameter - num_stars,豬腳一百分。空心菜90分。炒麵炒米粉要一百有點貴，因為我的湯麵才五十！ …,,1 個月前,11 則評論,豬腳|一百|分|。|空心菜|90|分|。|炒|麵|炒|米粉|要|一百|有點|貴|，|因為|我|的|湯麵|才|五十|！|…,1.0,,
瞳瞳,Undefined or invalid parameter - num_stars,第二間,,1 個月前,在地嚮導 · 42 則評論,第二|間,0.0,,
陳羿太,Undefined or invalid parameter - num_stars,豬腳還不錯QQ的有咬勁，但炒菜菜色普普通通，整體來說沒有網路上評價的那麼厲害的感覺。,,1 個月前,在地嚮導 · 116 則評論,豬腳|還|不錯|QQ|的|有|咬勁|，|但|炒|菜菜色|普普通通|，|整體|來|說|沒有|網路|上|評價|的|那麼|厲害|的|感覺|。,3.0,,
郭義德,Undefined or invalid parameter - num_stars,價格實在.,,1 個月前,在地嚮導 · 102 則評論,價格|實在|.,0.8,,
Shih Howard,Undefined or invalid parameter - num_stars,餐點都還可以，普通 ，也不難吃。,,1 個月前,3 則評論,餐點|都|還可以|，|普通|，|也|不|難吃|。,2.4000000000000004,,
汪春榮,Undefined or invalid parameter - num_stars,豬腳Q彈好吃，又滷的入味搭配特製蒜蓉，真的絕配但有些或許是因為過年人潮太多 …,,1 個月前,在地嚮導 · 103 則評論,豬腳|Q|彈|好吃|，|又|滷|的|入味|搭配|特製|蒜蓉|，|真的|絕配|但|有些|或許|是|因為|過年|人潮|太多|…,4.0,,
oreo liu,Undefined or invalid parameter - num_stars,2023.2/6，豬皮都是毛，很可怕，地瓜葉很硬，醬很鹹，鮮魚湯也很鹹，走終了，好可惜，千里而來，沒以前的好吃。醬好吃，豬腳更好吃,,1 個月前,在地嚮導 · 3 則評論,2023|.|2/6|，|豬皮|都|是|毛|，|很|可怕|，|地瓜葉|很|硬|，|醬|很|鹹|，|鮮魚湯|也|很|鹹|，|走終了|，|好|可惜|，|千里|而|來|，|沒|以前|的|好吃|。|醬|好吃|，|豬腳|更|好吃,8.0,,
David WU,Undefined or invalid parameter - num_stars,點了最小份的豬腳300元，不愧是名店，好吃。,,1 個月前,4 則評論,點|了|最|小|份|的|豬腳|300|元|，|不愧|是|名|店|，|好吃|。,1.6,,
李芝吟,Undefined or invalid parameter - num_stars,豬腳好吃，連北部的家人都要叫我宅配上去給他們嚐嚐,,1 個月前,在地嚮導 · 14 則評論,豬腳|好吃|，|連|北部|的|家人|都|要|叫|我|宅配上去|給|他們|嚐嚐,0.8,,
Lucifer,Undefined or invalid parameter - num_stars,豬腳的滋味是與海鴻不相上下，可惜環境輸一點，還有就是特意點來配的青菜經不住三催四請，終於在其它都清盤之後上來了。,,2 個月前,在地嚮導 · 20 則評論,豬腳|的|滋味|是|與|海鴻|不相上下|，|可惜|環境|輸|一點|，|還|有|就|是|特意點|來|配|的|青菜|經不住|三|催|四|請|，|終於|在|其它|都|清盤|之後|上來|了|。,4.0,,
蕭待玲,Undefined or invalid parameter - num_stars,雖然店內很忙，不過出餐速度還是非常快，服務態度好，東西也很好吃,,2 個月前,在地嚮導 · 80 則評論,雖然|店|內|很|忙|，|不過|出餐|速度|還是|非常|快|，|服務|態度|好|，|東西|也|很|好吃,4.0,,
張仰汶,Undefined or invalid parameter - num_stars,帶爸媽來懷念年輕的記憶,,2 個月前,在地嚮導 · 35 則評論,帶|爸|媽|來|懷念|年輕|的|記憶,0.8,,
修榮杜,Undefined or invalid parameter - num_stars,好吃,,2 個月前,在地嚮導 · 92 則評論,好吃,0.8,,
李宜君,Undefined or invalid parameter - num_stars,停車場很大停車方便，有專屬停車場，餐廳座位多，出餐快，不會等很久，餐點菜色種類很多，豬腳上桌時，還看的到表面油亮的魯汁＆飄著食物的熱氣～相當好吃😋 …,,2 個月前,77 則評論,停車場|很|大|停車|方便|，|有|專屬|停車場|，|餐廳|座位|多|，|出餐|快|，|不會|等|很|久|，|餐點|菜色|種類|很多|，|豬腳|上桌|時|，|還|看|的|到|表面|油亮|的|魯汁|＆|飄|著|食物|的|熱氣|～|相當|好吃|😋|…,8.0,,
黃智霖,Undefined or invalid parameter - num_stars,屏東/萬巒。🍕🍳🥞🍜🍱🍧🥂平日人潮也是滿滿上菜速度快 菜色有大小份很優質 …,,2 個月前,在地嚮導 · 5 則評論,屏東|/|萬巒|。|🍕🍳🥞🍜🍱🍧🥂|平日|人潮|也|是|滿滿|上菜|速度|快菜色|有|大小份|很|優質|…,1.0,,
周炫宏,Undefined or invalid parameter - num_stars,服務態度好，店員善解人意,,2 個月前,在地嚮導 · 30 則評論,服務|態度|好|，|店員|善解人意,1.6,,
郭庭瑜,Undefined or invalid parameter - num_stars,肉質Q彈好吃，菜也好吃,,2 個月前,9 則評論,肉質|Q|彈|好吃|，|菜|也|好吃,1.6,,
陳俊龍,Undefined or invalid parameter - num_stars,豬腳和菜還算好吃喔😋可能太忙有一樣菜沒做～後來沒算錢還好有停車場走路大概3-5分鐘以假日來說人不算多 …,,2 個月前,1 則評論,豬腳|和|菜|還|算|好吃|喔|😋|可能|太|忙|有|一|樣|菜|沒|做|～|後來|沒|算|錢|還好|有|停車場|走路|大概|3|-|5|分鐘|以|假日|來|說|人|不|算|多|…,4.0,,
DAN LU,Undefined or invalid parameter - num_stars,尚可,,2 個月前,15 則評論,尚可,0.8,,
李初珍,Undefined or invalid parameter - num_stars,豬腳超好吃。,,2 個月前,在地嚮導 · 59 則評論,豬腳|超|好吃|。,0.8,,
洪松安,Undefined or invalid parameter - num_stars,價格貴就算了，還上錯菜，重點是東西還不好吃，高麗菜又硬又油，不知道怎麼煮的,,2 個月前,在地嚮導 · 350 則評論,價格|貴|就|算了|，|還|上錯|菜|，|重點|是|東西|還|不|好吃|，|高麗菜|又|硬|又|油|，|不|知道|怎麼|煮|的,7.0,,
叫米血,Undefined or invalid parameter - num_stars,豬腳、豬舌很可以板條也不錯,,2 個月前,在地嚮導 · 4 則評論,豬腳|、|豬舌|很|可以|板條|也|不錯,1.6,,
吳妤玲,Undefined or invalid parameter - num_stars,好吃入味,,2 個月前,在地嚮導 · 51 則評論,好吃|入味,1.6,,
謝勇,Undefined or invalid parameter - num_stars,吃過這麼多間尤愛林家!!,,2 個月前,在地嚮導 · 143 則評論,吃|過|這麼多|間|尤|愛|林家|!|!,0.0,,
卯貓最可愛,Undefined or invalid parameter - num_stars,過年期間買了豬腳送朋友及自家享用，可能是過年人潮多、店家大量準備，為了多賣幾份豬腳、把握年節的好生意而忽略了品質的管控。這次的豬腳不如過往吃到的好吃、入味及香Q，之前吃的豬腳即使冷掉了依舊不失老店水準….希望店家往後在遇到年節期間，能改善重「量」不重「質」的經營模式，讓豬腳的香味及老店名聲繼續飄香。,,2 個月前,2 則評論,過年|期間|買|了|豬腳|送|朋友|及|自家|享用|，|可能|是|過年|人潮|多|、|店家|大量|準備|，|為了|多|賣|幾|份|豬腳|、|把握|年節|的|好|生意|而|忽略|了|品質|的|管控|。|這|次|的|豬腳|不如|過往|吃到|的|好吃|、|入味|及|香|Q|，|之前|吃|的|豬腳|即使|冷掉|了|依舊|不失|老店|水準|…|.|希望|店家|往後|在|遇到|年節|期間|，|能|改善|重|「|量|」|不|重|「|質|」|的|經營|模式|，|讓|豬腳|的|香味|及|老店|名聲|繼續|飄香|。,8.0,,
Zel do,Undefined or invalid parameter - num_stars,大過年來吃飯，吃到整把火，服務有夠爛，可能是做大～跩起來了顆顆,,2 個月前,7 則評論,大|過年|來|吃飯|，|吃到|整|把|火|，|服務|有夠|爛|，|可能|是|做|大|～|跩起來|了|顆顆,3.0,,
Smart Lin,Undefined or invalid parameter - num_stars,好吃每次來人潮很多,,2 個月前,在地嚮導 · 65 則評論,好吃|每|次|來|人潮|很多,1.6,,
施美芬,Undefined or invalid parameter - num_stars,好吃又便宜,,2 個月前,在地嚮導 · 15 則評論,好吃|又|便宜,1.6,,
駿朋陳,Undefined or invalid parameter - num_stars,林家阿嬤賣豬腳賣到蓋樓房可見豬腳也很厲害👍 …,,2 個月前,1 則評論,林家|阿嬤|賣|豬腳|賣到|蓋|樓房|可|見|豬腳|也|很|厲害|👍|…,0.8,,
黃健源,Undefined or invalid parameter - num_stars,有停車場，豬腳蠻好吃，但醬比較不喜歡，炒菜不錯，位置配置有點亂，桌上桌巾一直飄，整體用餐環境太亂太急，要改善,,2 個月前,在地嚮導 · 45 則評論,有|停車場|，|豬腳|蠻|好吃|，|但|醬|比較|不|喜歡|，|炒|菜|不錯|，|位置|配置|有點|亂|，|桌|上|桌巾|一直|飄|，|整體|用餐|環境|太|亂|太|急|，|要|改善,6.0,,
Kevin Pai,Undefined or invalid parameter - num_stars,涼拌蕨菜口感酸酸甜甜的豬腳一隻很大隻，是稱重的，店員說550結帳的時候是620，落差不大。上菜快，態度還不錯，都有引導客人跟提供沾豬腳的醬汁。二樓洗手間女廁在男廁裡面，有兩道門，感覺可以貼告示牌。,,2 個月前,在地嚮導 · 34 則評論,涼拌|蕨菜|口感|酸酸|甜甜|的|豬腳|一|隻|很|大|隻|，|是|稱重|的|，|店員|說|550|結帳|的|時候|是|620|，|落差|不|大|。|上菜|快|，|態度|還|不錯|，|都|有|引導|客人|跟|提供|沾|豬腳|的|醬汁|。|二樓|洗手間|女廁|在|男廁|裡面|，|有|兩|道|門|，|感覺|可以|貼|告示牌|。,8.0,,
高慧雯,Undefined or invalid parameter - num_stars,服務很不親切,,2 個月前,在地嚮導 · 8 則評論,服務|很|不|親切,0.8,,
Shih Jhe Chen,Undefined or invalid parameter - num_stars,",肉Q，醬汁好",,2 個月前,38 則評論,",|肉|Q|，|醬汁|好",0.8,,
yen shan,Undefined or invalid parameter - num_stars,豬肉是滷到味，青菜感覺是分量少，又稍貴，可能是觀光地區，服務態度親切，上菜速度也快。,,2 個月前,在地嚮導 · 15 則評論,豬肉|是|滷|到|味|，|青菜|感覺|是|分量|少|，|又|稍|貴|，|可能|是|觀光|地區|，|服務|態度|親切|，|上菜|速度|也|快|。,4.0,,
Yumi Tsai,Undefined or invalid parameter - num_stars,豬腳粉好吃，豬尾巴，豬舌頭，也粉好吃，下去有去的話，要記得買喔,,2 個月前,在地嚮導 · 67 則評論,豬腳粉|好吃|，|豬|尾巴|，|豬舌頭|，|也|粉|好吃|，|下去|有|去|的話|，|要|記得|買|喔,2.0,,
天武神人,Undefined or invalid parameter - num_stars,過年時間很多人，可以挑非過年時段來，人少也好找車位。還好豬腳味道值得排隊等候！,,2 個月前,在地嚮導 · 30 則評論,過年|時間|很多|人|，|可以|挑|非|過年|時段|來|，|人|少|也好|找|車位|。|還好|豬腳|味道|值得|排隊|等候|！,3.0,,
jane Jan,Undefined or invalid parameter - num_stars,就在路口不用走進去,,2 個月前,在地嚮導 · 8 則評論,就|在|路口|不用|走進去,0.0,,
楊森源,Undefined or invalid parameter - num_stars,東西好吃，人很多，排隊ing,,2 個月前,在地嚮導 · 1 則評論,東西|好吃|，|人|很多|，|排隊|ing,1.6,,
王國慶,Undefined or invalid parameter - num_stars,吃的一肚子氣，半小時，四碗麵還沒上。問了，才要去問有沒有煮但有些菜色穩定度不是很好，（薑絲大腸時酸時沒味道的）。,,2 個月前,在地嚮導 · 19 則評論,吃|的|一|肚子|氣|，|半|小時|，|四|碗|麵|還|沒|上|。|問|了|，|才|要|去|問|有沒有|煮|但|有些|菜色|穩定度|不|是|很|好|，|（|薑絲|大腸|時|酸|時|沒|味道|的|）|。,4.0,,
寒寒采苓,Undefined or invalid parameter - num_stars,豬腳皮Q肉嫩一口接一口吃停不下來外帶也不用等太久 …,,2 個月前,在地嚮導 · 30 則評論,豬腳皮|Q|肉嫩|一|口|接|一|口|吃|停|不|下來|外帶|也|不用|等|太|久|…,3.2,,
Jill Tsuei,Undefined or invalid parameter - num_stars,味道夠，不必沾太多佐料，肉質軟嫩，不會柴柴的,,2 個月前,4 則評論,味道|夠|，|不必|沾|太多|佐料|，|肉質|軟嫩|，|不會|柴柴|的,2.4000000000000004,,
陳包子,Undefined or invalid parameter - num_stars,豬腳好吃，醬料很對位酸菜排骨湯，酸菜不酸👍順口好喝板條美味有免費停車場可供停車（有點距離） …,,2 個月前,86 則評論,豬腳|好吃|，|醬料|很|對位|酸菜|排骨湯|，|酸菜|不|酸👍|順口|好喝|板條|美味|有|免費|停車場|可|供|停車|（|有點|距離|）|…,6.0,,
彭昱容,Undefined or invalid parameter - num_stars,每年 必點👍超好吃的 …,,2 個月前,在地嚮導 · 50 則評論,每|年|必|點|👍|超|好吃|的|…,1.6,,
SS W,Undefined or invalid parameter - num_stars,蒜蓉沾醬很讚！！！,,2 個月前,在地嚮導 · 220 則評論,蒜蓉|沾醬|很|讚|！|！|！,0.8,,
奇樂,Undefined or invalid parameter - num_stars,豬腳好吃,,2 個月前,2 則評論,豬腳|好吃,0.8,,
L M,Undefined or invalid parameter - num_stars,好吃,,2 個月前,2 則評論,好吃,0.8,,
politicalman CHEN,Undefined or invalid parameter - num_stars,帶家人去吃。東西都新鮮。翻桌也快。也可真空外帶打包回家吃。,,2 個月前,在地嚮導 · 22 則評論,帶|家人|去|吃|。|東西|都|新鮮|。|翻桌|也|快|。|也|可|真空|外帶|打包|回家|吃|。,3.0,,
Jamsen Wong,Undefined or invalid parameter - num_stars,這間比號稱老店那間好吃,,2 個月前,在地嚮導 · 8 則評論,這|間|比|號稱|老店|那|間|好吃,0.8,,
Maggie,Undefined or invalid parameter - num_stars,真好吃,,2 個月前,311 則評論,真|好吃,0.8,,
Yu-Hsiang Chen,Undefined or invalid parameter - num_stars,風味道地，份量夠，服務熱忱，值得再次造訪！,,2 個月前,10 則評論,風味|道地|，|份量|夠|，|服務|熱忱|，|值得|再次|造訪|！,3.2,,
Liching Su,Undefined or invalid parameter - num_stars,這家的豬腳Q彈，肉質很嫩，配菜也非常好吃，很適合老年人來吃哦！,,2 個月前,在地嚮導 · 55 則評論,這|家|的|豬腳|Q|彈|，|肉質|很|嫩|，|配|菜|也|非常|好吃|，|很|適合|老年人|來|吃|哦|！,4.0,,
董家伸,Undefined or invalid parameter - num_stars,豬腳好吃，價格便宜，值得一訪,,2 個月前,在地嚮導 · 13 則評論,豬腳|好吃|，|價格|便宜|，|值得|一|訪,3.2,,
陳昱瑋,Undefined or invalid parameter - num_stars,價廉~好食~,,2 個月前,58 則評論,價廉|~|好食|~,1.6,,
蘇貴寶,Undefined or invalid parameter - num_stars,有專屬停車埸滷豬腳、滷豬舌、滷豬耳，吃了停不下來，上菜快。,,2 個月前,2 則評論,有|專屬|停車|埸|滷|豬腳|、|滷豬舌|、|滷豬耳|，|吃|了|停|不|下來|，|上|菜|快|。,2.0,,
邱文德,Undefined or invalid parameter - num_stars,想吃自己買,,2 個月前,在地嚮導 · 221 則評論,想|吃|自己|買,0.0,,
SHENG-LING CHUNG,Undefined or invalid parameter - num_stars,春節前現場都買不到真空包裝的了，可見年節就是要吃它就對了,,2 個月前,12 則評論,春節|前|現場|都|買|不|到|真空|包裝|的|了|，|可見|年節|就|是|要|吃|它|就|對了,4.0,,
黃靜怡,Undefined or invalid parameter - num_stars,每年都要準備的年貨，最好吃的豬腳，要有排隊的準備喔！,,2 個月前,在地嚮導 · 206 則評論,每|年|都|要|準備|的|年貨|，|最|好吃|的|豬腳|，|要|有|排隊|的|準備|喔|！,1.6,,
JIAN-HUA CHEN,Undefined or invalid parameter - num_stars,每條豬腿都有不同的醬汁和味道，但在曼蘭卻絲毫不輸。我是日本人，旅行對我來說很困難。,,2 個月前,在地嚮導 · 122 則評論,每|條|豬腿|都|有|不同|的|醬汁|和|味道|，|但|在|曼蘭|卻|絲毫|不|輸|。|我|是|日本人|，|旅行|對|我|來說|很|困難|。,2.0,,
郭建佑,Undefined or invalid parameter - num_stars,豬腳好吃嫩又無腥味,,2 個月前,7 則評論,豬腳|好吃|嫩|又|無|腥味,1.6,,
Jen-Chih Huseh,Undefined or invalid parameter - num_stars,豬腳好吃，而且不用排隊，推薦,,2 個月前,在地嚮導 · 51 則評論,豬腳|好吃|，|而且|不用|排隊|，|推薦,0.8,,
billymoho,Undefined or invalid parameter - num_stars,沾醬的口味很適合我，肉質佳無腥味值得選擇這裏,,2 個月前,在地嚮導 · 14 則評論,沾醬|的|口味|很|適合|我|，|肉質|佳|無|腥味|值得|選擇|這裏,2.4000000000000004,,
吳宗儒,Undefined or invalid parameter - num_stars,態度不錯，熱炒要加強味道太淡，豬腳好吃，下次會外帶,,2 個月前,在地嚮導 · 68 則評論,態度|不錯|，|熱|炒|要|加強|味道|太|淡|，|豬腳|好吃|，|下|次|會|外帶,4.800000000000001,,
自燃果粒,Undefined or invalid parameter - num_stars,正宗萬巒林家豬腳【屏東美食】|50年老店；Q彈到差點把舌頭吞下去的必吃萬巒豬腳屏東很有名的正宗萬巒林家豬腳，原來豬腳這麼Q彈，這次要品嚐的林家豬腳也是在地超級有名的店家，這豬腳皮真是給Q彈到天邊去了啦！,,2 個月前,在地嚮導 · 336 則評論,正宗|萬巒|林家|豬腳|【|屏東|美食|】|||50|年|老店|；|Q|彈|到|差點|把|舌頭|吞下去|的|必|吃|萬巒|豬腳|屏東|很|有名|的|正宗|萬巒林家|豬腳|，|原來|豬腳|這麼|Q|彈|，|這|次|要|品嚐|的|林家|豬腳|也|是|在|地|超級|有名|的|店家|，|這|豬腳皮|真是|給|Q|彈|到|天|邊|去|了|啦|！,4.0,,
sinyu Yang,Undefined or invalid parameter - num_stars,口味偏甜，肉質軟嫩.皮Q，醬汁蒜味重辣口,,2 個月前,在地嚮導 · 54 則評論,口味|偏|甜|，|肉質|軟嫩|.|皮Q|，|醬汁|蒜味|重|辣|口,3.2,,
Phoenix Yeh,Undefined or invalid parameter - num_stars,炒麵鹹到爆，豬腳毛沒去乾淨,,2 個月前,15 則評論,炒|麵鹹|到|爆|，|豬|腳毛|沒|去|乾淨,1.6,,
珠霙吳,Undefined or invalid parameter - num_stars,超好吃的豬腳 特別喜歡林家這種濕潤度比較高的豬腳 其他菜也很好吃,,2 個月前,29 則評論,超|好吃|的|豬腳|特別|喜歡|林家|這|種|濕潤度|比較|高|的|豬腳|其他|菜|也|很|好吃,4.0,,
張志明,Undefined or invalid parameter - num_stars,好吃不貴  值得一來,,2 個月前,在地嚮導 · 36 則評論,好吃|不|貴|值得一來,2.4000000000000004,,
戴寸士,Undefined or invalid parameter - num_stars,1.高麗菜小卷分類在炒類，送來居然是勾芡的!!??2.這道菜加了不知道多少醋，當場反應菜色調味有問題，沒有得到相關回覆，結帳時再反應一次，被告知需要整盤不吃，所以是叫我們整盤不吃到結帳，然後再付錢嗎??3.這道菜比酸梅汁還酸。4.店家這樣的回覆，一顆星都不到^^,,2 個月前,在地嚮導 · 213 則評論,1|.|高麗菜|小卷|分類|在|炒類|，|送來|居然|是|勾芡|的|!|!|?|?|2|.|這|道|菜|加|了|不|知道|多少|醋|，|當場|反應|菜色|調味|有|問題|，|沒有|得到|相關|回覆|，|結帳|時|再|反應|一|次|，|被|告知|需要|整|盤|不|吃|，|所以|是|叫|我們|整|盤|不|吃到|結帳|，|然後|再|付錢|嗎|?|?|3|.|這|道|菜|比|酸梅汁|還|酸|。|4|.|店家|這樣|的|回覆|，|一|顆|星|都|不|到|^^,6.0,,
shayne patrickjane,Undefined or invalid parameter - num_stars,當場反應菜色調味有問題，沒有得到相關回覆，結帳時再反應一次，被告知需要整盤不吃，所以是叫我們整盤不吃到結帳，然後再付錢嗎,,2 個月前,在地嚮導 · 225 則評論,當場|反應|菜色|調味|有|問題|，|沒有|得到|相關|回覆|，|結帳|時|再|反應|一|次|，|被|告知|需要|整|盤|不|吃|，|所以|是|叫|我們|整|盤|不|吃到|結帳|，|然後|再|付錢|嗎,3.0,,
林永欣,Undefined or invalid parameter - num_stars,當場反應菜色調味有問題，沒有得到相關回覆，結帳時再反應一次，被告知需要整盤不吃，所以是叫我們整盤不吃到結帳，然後再付錢嗎,,2 個月前,14 則評論,當場|反應|菜色|調味|有|問題|，|沒有|得到|相關|回覆|，|結帳|時|再|反應|一|次|，|被|告知|需要|整|盤|不|吃|，|所以|是|叫|我們|整|盤|不|吃到|結帳|，|然後|再|付錢|嗎,3.0,,
SmallUn Mr,Undefined or invalid parameter - num_stars,20221221豬腳好吃！皮Q肉香不油膩，蒜蓉醬是靈魂一定要沾，兩個人點半隻剛剛好,,2 個月前,14 則評論,20221221|豬腳|好吃|！|皮|Q|肉|香|不|油膩|，|蒜蓉醬|是|靈魂|一定|要|沾|，|兩|個|人|點|半|隻|剛剛|好,4.0,,
50207吳睿軒 jjps111,Undefined or invalid parameter - num_stars,買了，，，，有30年的唯一的選擇林家豬腳，讚,,2 個月前,在地嚮導 · 9 則評論,買|了|，|，|，|，|有|30|年|的|唯一|的|選擇|林家|豬腳|，|讚,0.0,,
蔡育津,Undefined or invalid parameter - num_stars,豬腳好吃,,2 個月前,在地嚮導 · 38 則評論,豬腳|好吃,0.8,,
黃薑薑,Undefined or invalid parameter - num_stars,位置有限～吃飯要運氣運氣呢🥺豬腳很新鮮來高雄就是要吃林記 …,,2 個月前,在地嚮導 · 133 則評論,位置|有限|～|吃飯|要|運氣|運氣|呢|🥺豬腳|很|新鮮|來|高雄|就|是|要|吃|林記|…,3.0,,
鄭甯哲,Undefined or invalid parameter - num_stars,好吃😋 …,,2 個月前,在地嚮導 · 35 則評論,好吃|😋|…,0.8,,
Lu Lin,Undefined or invalid parameter - num_stars,店環境整潔.服務人員態度親切..豬腳份量感覺都大大的量..因個人旅遊.一個人吃太多了.店員說可以點小份的.就點了一份小份的豬腳口感蠻不錯的..,,2 個月前,11 則評論,店|環境|整潔|.|服務|人員|態度|親切|.|.|豬腳|份量|感覺|都|大大|的|量|.|.|因|個人|旅遊|.|一|個|人|吃|太多|了|.|店員|說|可以|點|小份|的|.|就|點|了|一|份|小|份|的|豬腳|口感|蠻|不錯|的|..,8.0,,
jacy shin,Undefined or invalid parameter - num_stars,點半豬腳+湯板條，會附蒜蓉醬，豬腳個人覺得普通，湯板條很屌!旁邊一個老阿嬤煮的，超好吃喔！停車場離店大約200公尺,,2 個月前,1 則評論,點半|豬腳|+|湯|板條|，|會|附|蒜蓉醬|，|豬腳|個人|覺得|普通|，|湯|板條|很|屌|!|旁邊|一|個|老|阿嬤|煮|的|，|超|好吃|喔|！|停車場|離|店|大約|200|公尺,5.0,,
李仁偉,Undefined or invalid parameter - num_stars,豬腳好Q 好吃,,2 個月前,15 則評論,豬腳|好|Q|好吃,1.6,,
Mike Chen,Undefined or invalid parameter - num_stars,豬腳好吃 尤其瘦肉的部位但整體有點膩 覺得其他熱炒類的口味可以調整的清淡一點炒麵有點港式的感覺  很好吃,,2 個月前,6 則評論,豬腳|好吃|尤其|瘦肉|的|部位|但|整體|有點|膩|覺得|其他|熱炒類|的|口味|可以|調整|的|清淡|一點|炒|麵|有點|港式|的|感覺|很|好吃,5.0,,
LEON CHEN,Undefined or invalid parameter - num_stars,朋友沒有吃過這樣的味道、有點咬不動、但我真的覺得很好吃、炒粄條必點的好滋味,,2 個月前,在地嚮導 · 454 則評論,朋友|沒有|吃|過|這樣|的|味道|、|有點|咬不|動|、|但|我|真的|覺得|很|好吃|、|炒|粄條|必|點|的|好|滋味,6.0,,
周廣峯,Undefined or invalid parameter - num_stars,屏東人氣美食之一,,2 個月前,在地嚮導 · 279 則評論,屏東|人氣|美食|之|一,0.0,,
Gill Sa,Undefined or invalid parameter - num_stars,東西好吃可以分享,,2 個月前,在地嚮導 · 244 則評論,東西|好吃|可以|分享,0.8,,
廖美惠,Undefined or invalid parameter - num_stars,東西多出菜速度快好吃,,2 個月前,在地嚮導 · 500 則評論,東西|多出|菜|速度|快|好吃,0.8,,
帥哥,Undefined or invalid parameter - num_stars,豬腳有肥有瘦很好吃，醬料也很加分，要是有去屏東都會買～過年當作送禮親友都很喜歡！,,2 個月前,在地嚮導 · 106 則評論,豬腳|有|肥|有|瘦|很|好吃|，|醬料|也|很|加分|，|要是|有|去|屏東|都|會|買|～|過年|當作|送|禮|親友|都|很|喜歡|！,5.0,,
Janet Ke,Undefined or invalid parameter - num_stars,好吃,,2 個月前,29 則評論,好吃,0.8,,
許世勳,Undefined or invalid parameter - num_stars,最好的豬腿👑,,2 個月前,在地嚮導 · 2 則評論,最|好|的|豬腿👑,0.8,,
Ryan,Undefined or invalid parameter - num_stars,膠質多很好吃～蒜蓉醬的味道也很讚！,,2 個月前,在地嚮導 · 500 則評論,膠質|多|很|好吃|～|蒜蓉醬|的|味道|也|很|讚|！,2.4000000000000004,,
王福家,Undefined or invalid parameter - num_stars,豬腳神好吃！想吃一定會來！,,2 個月前,在地嚮導 · 329 則評論,豬腳神|好吃|！|想|吃|一定|會|來|！,0.8,,
Happy Tracy,Undefined or invalid parameter - num_stars,豬腳和其他餐點好吃~,,2 個月前,10 則評論,豬腳|和|其他|餐點|好吃|~,0.8,,
石桂芬,Undefined or invalid parameter - num_stars,Really tasty n not too oily. Worth the ride and money,,2 個月前,在地嚮導 · 71 則評論,Reallytastynnottoooily|.|Worththerideandmoney,0.0,,
吳德良,Undefined or invalid parameter - num_stars,好像是有名的地方，只是餐點不夠熱。,,2 個月前,10 則評論,好像|是|有名|的|地方|，|只|是|餐點|不|夠|熱|。,1.6,,
Littlebitch Wang,Undefined or invalid parameter - num_stars,趁熱吃風味佳！,,2 個月前,在地嚮導 · 168 則評論,趁熱|吃|風味|佳|！,1.6,,
吳拉拉,Undefined or invalid parameter - num_stars,好吃的正宗萬巒豬腳,,2 個月前,在地嚮導 · 179 則評論,好吃|的|正宗|萬巒|豬腳,0.8,,
Sim Splendid,Undefined or invalid parameter - num_stars,豬腳很Q又好吃小時候吃到大 味道都沒有變而且服務人員態度好,,2 個月前,在地嚮導 · 184 則評論,豬腳|很|Q|又|好吃|小時候|吃到|大|味道|都|沒有|變|而且|服務|人員|態度|好,4.0,,
林煎餅,Undefined or invalid parameter - num_stars,口味尚可，2人吃到最後會感到膩,,2 個月前,136 則評論,口味|尚可|，|2|人|吃|到|最後|會|感到|膩,1.6,,
習維尼,Undefined or invalid parameter - num_stars,萬巒最喜歡這間的豬腳😋一大早去買，還沒有排隊人潮，阿姨們態度也很好 …,,2 個月前,在地嚮導 · 80 則評論,萬巒|最|喜歡|這|間|的|豬腳😋|一大早|去|買|，|還|沒有|排隊|人潮|，|阿姨|們|態度|也|很|好|…,3.0,,
曾書胡,Undefined or invalid parameter - num_stars,超級好吃，皮Q、肉嫩、油脂滑順，豬肉自帶甜味，點270豬肉、山蘇、超板條，2人吃的超撐。,,2 個月前,在地嚮導 · 329 則評論,超級|好吃|，|皮|Q|、|肉嫩|、|油脂|滑順|，|豬肉|自|帶|甜味|，|點|270|豬肉|、|山蘇|、|超板條|，|2|人|吃|的|超撐|。,4.0,,
賴瑀芳,Undefined or invalid parameter - num_stars,好吃,,2 個月前,在地嚮導 · 263 則評論,好吃,0.8,,
mia jan,Undefined or invalid parameter - num_stars,假日排隊人很多，豬腳很好吃，,,2 個月前,在地嚮導 · 84 則評論,假日|排隊|人|很多|，|豬腳|很|好吃|，,1.6,,
張國華,Undefined or invalid parameter - num_stars,好吃下次再多賣些,,2 個月前,在地嚮導 · 7 則評論,好吃|下|次|再|多|賣|些,0.8,,
趙蘭貞,Undefined or invalid parameter - num_stars,500塊四個人吃不完。好吃又吃好爽,,2 個月前,4 則評論,500|塊|四|個|人|吃|不|完|。|好吃|又|吃好|爽,2.4000000000000004,,
Hana-,Undefined or invalid parameter - num_stars,愛吃這間，沒有預約點餐喔，到現場點現場等，是蠻快的,,2 個月前,在地嚮導 · 784 則評論,愛|吃|這|間|，|沒有|預約|點餐|喔|，|到|現場點|現場|等|，|是|蠻|快|的,1.6,,
陳Angel,Undefined or invalid parameter - num_stars,豬腳好吃 一口接一口  人很多 位子不夠寬敞是缺點 但整體下來是好吃的,,2 個月前,508 則評論,豬腳|好吃|一|口|接|一|口|人|很多|位子|不|夠|寬敞|是|缺點|但|整體|下來|是|好吃|的,3.0,,
愛吃美食,Undefined or invalid parameter - num_stars,好吃,,2 個月前,1 則評論,好吃,0.8,,
51004092陳俊臣,Undefined or invalid parameter - num_stars,豬腳一貫的好吃..和海鴻萬泰差異不大..就看個人口味囉,,2 個月前,在地嚮導 · 23 則評論,豬腳|一貫|的|好吃|.|.|和|海鴻萬泰|差異|不|大|.|.|就|看|個人|口味|囉,2.4000000000000004,,
陳雋偉,Undefined or invalid parameter - num_stars,除豬腳外，多種菜色、湯品點選，附近專用停車場,,2 個月前,在地嚮導 · 15 則評論,除|豬腳|外|，|多|種|菜色|、|湯品|點選|，|附近|專用|停車場,0.8,,
許蓉,Undefined or invalid parameter - num_stars,豬腳的肥肉真的好好吃，瘦肉偏柴，最好的是肥肉+瘦肉沾醬一起入口，可是阿姨都肥肉瘦肉都幫我切成分開😅不過還是很好吃啦～而且有附停車場，停車場也很大，很方便，因為假日車流量大附近真的太難停車了 …,,2 個月前,在地嚮導 · 106 則評論,豬腳|的|肥肉|真的|好好吃|，|瘦肉|偏|柴|，|最|好|的|是|肥肉|+|瘦肉|沾醬|一起|入口|，|可是|阿姨|都|肥肉|瘦肉|都|幫|我|切成分|開😅|不過|還是|很|好吃|啦|～|而且|有|附|停車場|，|停車場|也|很|大|，|很|方便|，|因為|假日|車流量|大|附近|真的|太|難|停車|了|…,7.0,,
richard wang,Undefined or invalid parameter - num_stars,🤍 …,,3 個月前,在地嚮導 · 241 則評論,🤍|…,0.0,,
李西和,Undefined or invalid parameter - num_stars,"蠻 驚豔的 豬腳一條街, 事實上 ，就那3-4家 包了一條不到 50公呎的 小巷， 原本還想 好好 逛逛 那條街呢~林家 是第一間逃離的現場，因為 一大盆 豬角上，徘徊了 一群 蒼蠅，店家 似乎 習以為常",,3 個月前,在地嚮導 · 468 則評論,"蠻|驚豔|的|豬腳|一|條|街|,|事實|上|，|就|那|3|-|4|家|包|了|一|條|不到|50|公呎|的|小|巷|，|原本|還|想|好好|逛逛|那|條|街|呢|~|林家|是|第一|間|逃離|的|現場|，|因為|一|大|盆|豬角|上|，|徘徊|了|一|群|蒼蠅|，|店家|似乎|習以為常",5.0,,
林常和,Undefined or invalid parameter - num_stars,好吃的豬腳，每次下南部必買的伴手禮，和另外一家常買的「海鴻飯店」比較起來，林家口感比較Q，比較有鹹味，香味部分我覺得兩邊差不多，都好吃，端看想吃軟一點、Q一點。沒照片是因為吃光了⋯,,3 個月前,10 則評論,好吃|的|豬腳|，|每|次|下|南部|必|買|的|伴手禮|，|和|另外|一|家|常|買|的|「|海鴻|飯店|」|比較起來|，|林家|口感|比較|Q|，|比較|有|鹹味|，|香味|部分|我|覺得|兩|邊|差不多|，|都|好吃|，|端看|想|吃|軟|一點|、|Q|一點|。|沒|照片|是|因為|吃光|了|⋯,7.0,,
d.h tsai,Undefined or invalid parameter - num_stars,好吃🥹 …,,3 個月前,48 則評論,好吃|🥹|…,0.8,,
NAI’S DAY 日常 (NAI),Undefined or invalid parameter - num_stars,豬腳真的很嫩 很好吃～～心中第一名,,3 個月前,7 則評論,豬腳|真的|很|嫩|很|好吃|～～|心|中|第一|名,1.6,,
金城武,Undefined or invalid parameter - num_stars,屏東萬巒當地豬腳非常多家，據阿豆仔及豆嫂實地吃過覺得林家豬腳是最好吃！！肉嫩皮Q！入口即化！滿口膠質沾醬也調的超好！那軟嫩Q香好吃到一口接一口停不下來，路過的人一定會被那香味吸進店來！牙口不好的人也可以放心吃保證一定也是一口接一口！炒山蘇也很嫩超好吃！連蚵仔湯都好好喝！薑絲大腸也好吃，線之這間值得進去吃！不會踩雷放心！,,3 個月前,14 則評論,屏東|萬巒|當地|豬腳|非常|多|家|，|據|阿豆仔|及|豆嫂|實地|吃|過|覺得|林家|豬腳|是|最|好吃|！|！|肉嫩皮|Q|！|入口|即|化|！|滿|口|膠質|沾醬|也|調|的|超好|！|那|軟嫩|Q|香|好吃|到|一|口|接|一|口|停|不|下來|，|路過|的|人|一定|會|被|那|香味|吸進|店|來|！|牙口|不|好|的|人|也|可以|放心|吃|保證|一定|也|是|一口|接|一|口|！|炒|山蘇|也|很|嫩超|好吃|！|連|蚵仔湯|都|好好喝|！|薑絲|大腸|也|好吃|，|線|之|這|間|值得|進去|吃|！|不會|踩雷|放心|！,8.0,,
段秉宏,Undefined or invalid parameter - num_stars,豬腳首選，來萬巒必買！很美味👍 …,,3 個月前,在地嚮導 · 15 則評論,豬腳|首選|，|來|萬|巒|必|買|！|很|美味|👍|…,1.6,,
澄澄子,Undefined or invalid parameter - num_stars,"萬巒豬腳其實都差不多,海鴻名聲最響,最多觀光客去吃.林家/熊家...一樣不會難吃,我吃價碼相對低的萬巒豬腳!!",,3 個月前,在地嚮導 · 69 則評論,"萬巒|豬腳|其實|都|差不多|,|海鴻|名聲|最|響|,|最多|觀光客|去|吃|.|林家|/|熊家|.|.|.|一樣|不會|難吃|,|我|吃|價碼|相對|低|的|萬巒豬腳|!|!",8.0,,
林拉力,Undefined or invalid parameter - num_stars,豬腳好吃軟嫩，菜不錯吃也不貴，CP值佳。來萬欒吃豬腳的好選擇。,,3 個月前,19 則評論,豬腳|好吃|軟|嫩|，|菜|不錯|吃|也|不|貴|，|CP值|佳|。|來|萬欒|吃|豬腳|的|好|選擇|。,7.0,,
Ap Ong,Undefined or invalid parameter - num_stars,熱炒菜有點鹽！,,3 個月前,19 則評論,熱|炒菜|有點|鹽|！,0.8,,
吳英源,Undefined or invalid parameter - num_stars,到了這裡，還是要切只新魯的豬腳來解饞！,,3 個月前,在地嚮導 · 462 則評論,到|了|這裡|，|還是|要|切|只|新魯|的|豬腳|來|解饞|！,0.8,,
侯鐘閎,Undefined or invalid parameter - num_stars,好好吃,,3 個月前,在地嚮導 · 31 則評論,好好|吃,0.8,,
bigbig chen,Undefined or invalid parameter - num_stars,每次來都要買一堆回家🤣🤣 …,,3 個月前,1 則評論,每|次|來|都|要|買|一|堆|回家|🤣🤣|…,0.8,,
陳柏蒼,Undefined or invalid parameter - num_stars,不必特定到萬巒吃,,3 個月前,在地嚮導 · 74 則評論,不必|特定|到|萬巒|吃,0.0,,
lin peixuan,Undefined or invalid parameter - num_stars,道地的好滋味👍 …,,3 個月前,在地嚮導 · 226 則評論,道地|的|好|滋味|👍|…,1.6,,
于哲修,Undefined or invalid parameter - num_stars,快速的服務。東西味道很好。,,3 個月前,在地嚮導 · 57 則評論,快速|的|服務|。|東西|味道|很|好|。,1.6,,
吳妮子,Undefined or invalid parameter - num_stars,我覺得比飯店的好吃：）,,3 個月前,在地嚮導 · 3 則評論,我|覺得|比|飯店|的|好吃|：|）,0.8,,
蕭逸民,Undefined or invalid parameter - num_stars,服務人員很有耐心，還是非假日去比較好。,,3 個月前,在地嚮導 · 79 則評論,服務|人員|很|有|耐心|，|還是|非|假日|去|比較|好|。,0.8,,
Pat YANG,Undefined or invalid parameter - num_stars,醬料很讚，豬腳也好吃👍 …,,3 個月前,在地嚮導 · 121 則評論,醬料|很|讚|，|豬腳|也好|吃|👍|…,0.8,,
潘妍鴒,Undefined or invalid parameter - num_stars,豬腳配上沾醬很好吃,,3 個月前,在地嚮導 · 218 則評論,豬腳|配上|沾醬|很|好吃,0.8,,
萱,Undefined or invalid parameter - num_stars,用餐時，蒼蠅四處飛，邊吃邊趕，超噁，真的很無言,,3 個月前,在地嚮導 · 405 則評論,用餐|時|，|蒼蠅|四處|飛|，|邊|吃|邊|趕|，|超噁|，|真的|很|無言,3.2,,
Yang Ho,Undefined or invalid parameter - num_stars,雙十連假前勁來吃的，（道路施工中）點了半支豬腳， …,,3 個月前,在地嚮導 · 107 則評論,雙十|連|假|前勁|來|吃|的|，|（|道路|施工|中|）|點|了|半|支|豬腳|，|…,0.8,,
阮建智,Undefined or invalid parameter - num_stars,豬腳單吃很Q很好吃，沾醬吃也超好吃，醬很特別還順便幫同事們宅配了11隻豬腳回台北！服務也很好，動作也很快速！,,3 個月前,6 則評論,豬腳單|吃|很|Q|很|好吃|，|沾醬|吃|也|超|好吃|，|醬|很|特別|還|順便|幫|同事|們|宅配|了|11|隻|豬腳|回|台北|！|服務|也|很|好|，|動作|也|很|快速|！,6.0,,
陳玫芳,Undefined or invalid parameter - num_stars,豬腳好吃！,,3 個月前,10 則評論,豬腳|好吃|！,0.8,,
施大樹,Undefined or invalid parameter - num_stars,正宗萬巒林家豬腳，位於東縣萬巒鄉民和路1-4號，豬腳街內熱門老字號餐廳之一，各具特色和支持愛好者，值得品嚐！ …,,3 個月前,在地嚮導 · 335 則評論,正宗|萬巒|林家|豬腳|，|位於|東縣|萬巒鄉|民和路|1-4號|，|豬腳街|內|熱門|老字號|餐廳|之|一|，|各|具|特色|和|支持|愛好|者|，|值得|品嚐|！|…,2.0,,
joy chang,Undefined or invalid parameter - num_stars,好吃，豬腳有入味而且沒有想像中那麼多肥肉,,3 個月前,在地嚮導 · 4 則評論,好吃|，|豬腳|有|入味|而且|沒有|想像|中|那麼多|肥肉,1.6,,
姚海天,Undefined or invalid parameter - num_stars,口味不錯，菜色佳，價格公道,,3 個月前,37 則評論,口味|不錯|，|菜色|佳|，|價格|公道,1.6,,
David Chou,Undefined or invalid parameter - num_stars,食物好吃，不算太貴，二樓坐位空調稍差，吃到滿頭大汗，廁所人多時要排很久。,,3 個月前,在地嚮導 · 10 則評論,食物|好吃|，|不|算|太|貴|，|二樓|坐位|空調|稍|差|，|吃到|滿頭大汗|，|廁所人|多時|要|排|很|久|。,6.0,,
楊智全,Undefined or invalid parameter - num_stars,好吃，請耐心排隊等候。,,3 個月前,8 則評論,好吃|，|請|耐心|排隊|等候|。,0.8,,
李嘉卿,Undefined or invalid parameter - num_stars,有開放內用，外帶也有,,3 個月前,11 則評論,有|開放|內用|，|外帶|也|有,0.0,,
千豪王,Undefined or invalid parameter - num_stars,吃了30幾年的老味道依然好吃,,3 個月前,在地嚮導 · 51 則評論,吃|了|30幾|年|的|老|味道|依然|好吃,1.6,,
羅阿中,Undefined or invalid parameter - num_stars,買過兩次，比較不用排隊。豬腳現場吃比較好吃。服務人員很多，動作很快。,,3 個月前,在地嚮導 · 158 則評論,買|過|兩|次|，|比較|不用|排隊|。|豬腳|現場|吃|比較|好吃|。|服務|人員|很多|，|動作|很|快|。,3.0,,
王信承,Undefined or invalid parameter - num_stars,買過那麼多家還是喜歡吃林家,,3 個月前,在地嚮導 · 74 則評論,買|過|那麼多|家|還是|喜歡|吃|林家,0.0,,
劉智偉,Undefined or invalid parameter - num_stars,來萬巒吃過不少豬腳店，還是覺的 林家豬腳 比較合我的味，肥的不膩、瘦的不柴，粄條也很讚👍👍👍 …,,3 個月前,在地嚮導 · 133 則評論,來|萬巒|吃|過|不少|豬腳店|，|還是|覺|的|林家|豬腳|比較|合|我|的|味|，|肥|的|不|膩|、|瘦|的|不|柴|，|粄條|也|很|讚👍👍👍|…,4.0,,
Clovis,Undefined or invalid parameter - num_stars,不錯吃,,3 個月前,27 則評論,不錯|吃,0.8,,
王思驊,Undefined or invalid parameter - num_stars,在地特色美食,,3 個月前,2 則評論,在|地|特色|美食,0.0,,
張名傑,Undefined or invalid parameter - num_stars,李亞軒沒來過,,3 個月前,13 則評論,李亞軒|沒|來|過,0.0,,
王王曉鐘,Undefined or invalid parameter - num_stars,好吃,,3 個月前,在地嚮導 · 58 則評論,好吃,0.8,,
yuchen Chan,Undefined or invalid parameter - num_stars,好吃!不油!生意佳,,3 個月前,在地嚮導 · 72 則評論,好吃|!|不|油|!|生意|佳,1.6,,
林鉦平,Undefined or invalid parameter - num_stars,外帶速度很快。,,3 個月前,在地嚮導,外帶|速度|很|快|。,0.8,,
王惠敏,Undefined or invalid parameter - num_stars,店內用餐時，雖然客人多衆多，但是送餐速度快，服務親切。,,3 個月前,在地嚮導 · 27 則評論,店|內|用餐|時|，|雖然|客人|多|衆|多|，|但是|送|餐|速度|快|，|服務|親切|。,2.4000000000000004,,
Wisely Xiao,Undefined or invalid parameter - num_stars,豬腳超軟的好吃,,3 個月前,6 則評論,豬腳|超軟|的|好吃,0.8,,
Pasdear_papago,Undefined or invalid parameter - num_stars,林家豬腳以及店內的菜色都很OK,,3 個月前,7 則評論,林家|豬腳|以及|店|內|的|菜色|都|很|OK,0.8,,
高遠,Undefined or invalid parameter - num_stars,在地人的重口味道偏鹹,,3 個月前,4 則評論,在地人|的|重口|味道|偏|鹹,0.8,,
h-fang H.,Undefined or invalid parameter - num_stars,林家豬腳，一定要吃。好吃 好吃 好吃讚吃完最好外帶一份， 不然想吃的話真的很遠。,,3 個月前,在地嚮導 · 109 則評論,林家|豬腳|，|一定|要|吃|。|好吃|好吃|好吃讚|吃完|最好|外帶|一|份|，|不然|想|吃|的話|真的|很|遠|。,5.0,,
沒人在乎,Undefined or invalid parameter - num_stars,豬腳，麵線，花生豆腐…👍 …,,3 個月前,18 則評論,豬腳|，|麵線|，|花生|豆腐|…|👍|…,0.0,,
李steven,Undefined or invalid parameter - num_stars,買了幾ㄓ豬腳豬尾巴只跟他多拿一個紙袋要送人還問我要裝什麼， …,,3 個月前,在地嚮導 · 15 則評論,買|了|幾|ㄓ|豬|腳|豬|尾巴|只|跟|他|多|拿|一|個|紙袋|要|送|人|還|問|我|要|裝|什麼|，|…,2.0,,
Bruce,Undefined or invalid parameter - num_stars,肉質比別家嫩,,3 個月前,在地嚮導 · 3 則評論,肉質|比|別|家|嫩,0.8,,
姚超盛,Undefined or invalid parameter - num_stars,普,,3 個月前,在地嚮導 · 15 則評論,普,0.8,,
dio wu,Undefined or invalid parameter - num_stars,林家豬腳因是有用醬油魯過，有醬油香且腳肉軟嫩帶Q，是我全家都喜歡吃的味道，連我家94歲婆婆都吃得非常開心，只可惜停車位比較遠，我婆婆比較難行。,,3 個月前,352 則評論,林家|豬腳|因|是|有用|醬油|魯過|，|有|醬油|香|且|腳肉|軟|嫩帶|Q|，|是|我|全|家|都|喜歡|吃|的|味道|，|連|我|家|94|歲|婆婆|都|吃|得|非常|開心|，|只|可惜|停車位|比較|遠|，|我|婆婆|比較|難行|。,7.0,,
趙瑩瑩,Undefined or invalid parameter - num_stars,各家味道各有不同 這家合我味 豬腳本身就夠味 醬不用沾太多,,3 個月前,在地嚮導 · 864 則評論,各|家|味道|各|有|不同|這|家|合我味|豬腳|本身|就|夠|味醬|不用|沾|太多,3.0,,
Huang Weichih,Undefined or invalid parameter - num_stars,真的好吃！吃不完可以打包：）,,3 個月前,8 則評論,真的|好吃|！|吃|不|完|可以|打包|：|）,1.6,,
林哲弘,Undefined or invalid parameter - num_stars,好吃、出餐快、有停車場兩個人花800元吃得很飽,,3 個月前,在地嚮導 · 40 則評論,好吃|、|出餐|快|、|有|停車場|兩|個|人|花|800|元|吃|得|很|飽,2.4000000000000004,,
何祤棠,Undefined or invalid parameter - num_stars,依然是傳統美味，肥瘦得宜的Q彈豬腳，物美價廉值得一來再來,,3 個月前,在地嚮導 · 3 則評論,依然|是|傳統|美味|，|肥瘦|得宜|的|Q|彈豬腳|，|物美價廉|值得一來|再|來,5.0,,
張睿軍,Undefined or invalid parameter - num_stars,來屏東必買,,3 個月前,19 則評論,來|屏東|必|買,0.8,,
黃怡芬,Undefined or invalid parameter - num_stars,軟嫩好吃 很夠味 價格也不貴 我買了 冷凍的一支豬腳420 也買了 半隻剝好的 330現吃 嗯好吃 @2022 08/29 12:40,,3 個月前,12 則評論,軟|嫩|好吃|很|夠味|價格|也|不|貴|我|買|了|冷凍|的|一|支|豬腳|420|也|買|了|半|隻|剝好|的|330|現|吃|嗯|好吃|@202208/|2912:40,8.0,,
Qian Wang,Undefined or invalid parameter - num_stars,人多,,3 個月前,在地嚮導 · 49 則評論,人|多,0.8,,
st,Undefined or invalid parameter - num_stars,還沒吃就聞到香味皮Q肉軟,,3 個月前,10 則評論,還|沒|吃|就|聞到|香味皮|Q|肉|軟,2.4000000000000004,,
黃振祥,Undefined or invalid parameter - num_stars,好吃又美味,,3 個月前,52 則評論,好吃|又|美味,1.6,,
李安,Undefined or invalid parameter - num_stars,不錯吃,,3 個月前,在地嚮導 · 116 則評論,不錯|吃,0.8,,
鐵扇公主,Undefined or invalid parameter - num_stars,豬脚好吃購買流服務態度好,,3 個月前,在地嚮導 · 822 則評論,豬脚|好吃|購買|流|服務|態度|好,1.6,,
lin lily,Undefined or invalid parameter - num_stars,【商品】豬腳 六百多。 …,,3 個月前,6 則評論,【|商品|】|豬腳|六百多|。|…,0.0,,
李紫韻,Undefined or invalid parameter - num_stars,感覺一般般沒什麼特別,,3 個月前,在地嚮導 · 249 則評論,感覺|一般|般|沒|什麼|特別,1.6,,
Yen Kocheng,Undefined or invalid parameter - num_stars,豬腳超好吃的，內行人都是吃這家的,,3 個月前,17 則評論,豬腳|超|好吃|的|，|內行人|都|是|吃|這|家|的,0.8,,
鴨霸王,Undefined or invalid parameter - num_stars,好吃,,3 個月前,8 則評論,好吃,0.8,,
攤開,Undefined or invalid parameter - num_stars,今日消費點了半隻豬腳和二菜一湯，外加2份豬尾巴，豬腳皮Q調味適中，沾上蒜蓉醬很搭，高麗菜炒的清脆爽口，蘆筍蛤蜊也是鮮甜美味！2人一共花費800元 …,,3 個月前,在地嚮導 · 112 則評論,今日|消費|點|了|半|隻|豬腳|和|二|菜|一|湯|，|外加|2|份|豬|尾巴|，|豬腳皮|Q|調味|適中|，|沾上|蒜蓉醬|很|搭|，|高麗菜|炒|的|清脆|爽口|，|蘆筍|蛤蜊|也|是|鮮甜|美味|！|2|人|一共|花費|800|元|…,5.0,,
yanchouliu,Undefined or invalid parameter - num_stars,服務好，味道棒,,3 個月前,在地嚮導 · 274 則評論,服務|好|，|味道棒,0.8,,
David Tsai,Undefined or invalid parameter - num_stars,店家位置 在台一線省道附近 台塑加油站旁巷口進入  豬腳好吃  假日人潮多,,3 個月前,在地嚮導 · 543 則評論,店家|位置|在|台一線|省道|附近|台塑|加油站|旁|巷口|進入|豬腳|好吃|假日|人潮|多,2.0,,
GI GI,Undefined or invalid parameter - num_stars,豬腳Q入味，蒜香醬油搭，蚵仔大顆鮮 ，菜炒出鍋氣，板條油蔥濃，蛤仔湯飽滿，唯獨炸肥腸不夠酥脆。,,3 個月前,在地嚮導 · 25 則評論,豬腳|Q|入味|，|蒜香|醬油|搭|，|蚵仔|大|顆|鮮|，|菜|炒出|鍋氣|，|板條|油蔥|濃|，|蛤仔湯|飽滿|，|唯獨|炸|肥腸|不|夠|酥脆|。,6.0,,
魏正一,Undefined or invalid parameter - num_stars,很可惜。豬腳和其他餐點都很合我胃口。就是蒼蠅有點太多了。一邊吃一邊趕。完全沒看到店家人員做任何處理和牆壁上的幾句話成了反比。(入口的剎那，洋溢在人們臉上的幸福)我們變吃邊趕蒼蠅煩到一臉無奈。 …,,3 個月前,在地嚮導 · 60 則評論,很|可惜|。|豬腳|和|其他|餐點|都|很|合|我|胃口|。|就|是|蒼蠅|有點|太多|了|。|一邊|吃|一邊|趕|。|完全|沒|看到|店家|人員|做|任何|處理|和|牆壁|上|的|幾|句|話|成|了|反比|。|(|入口|的|剎那|，|洋溢|在|人們|臉|上|的|幸福|)|我們|變吃|邊|趕|蒼蠅|煩|到|一|臉|無奈|。|…,8.0,,
鄭郁村,Undefined or invalid parameter - num_stars,好吃 有大型停車場喔,,3 個月前,21 則評論,好吃|有|大型|停車場|喔,0.8,,
朱敏瑞,Undefined or invalid parameter - num_stars,食材吃起來新鮮不會乾硬瘦肉也不柴,,3 個月前,在地嚮導 · 4 則評論,食材|吃起來|新鮮|不會|乾硬|瘦肉|也|不|柴,1.6,,
宋建武,Undefined or invalid parameter - num_stars,老店的招牌豬腳真是給力，點了半隻結果滿滿盛上一盤，另外客家小炒，味增魚湯，板條都讓人滿意。值得推薦。,,3 個月前,27 則評論,老店|的|招牌|豬腳|真是|給|力|，|點|了|半|隻|結果|滿滿|盛上|一|盤|，|另外|客家|小炒|，|味增魚湯|，|板條|都|讓|人|滿意|。|值得|推薦|。,2.0,,
劉雅雯,Undefined or invalid parameter - num_stars,2022/8/16(二)中午，跟家人一起過來用餐，一隻豬腳、4盤菜、一碗湯，4位大人吃剛剛好，最主要的豬腳吃起來不會讓人有很大的油膩感，原本送上來感覺豬腳感覺怎麼份量這麼多，後來發現大骨頭在中間裡面，至於用餐環境還算乾淨。,,3 個月前,在地嚮導 · 19 則評論,2022|/|8/16|(二)|中午|，|跟|家人|一起|過來|用餐|，|一|隻|豬腳|、|4|盤|菜|、|一|碗|湯|，|4|位|大人|吃|剛剛好|，|最|主要|的|豬腳|吃起來|不會|讓|人|有|很|大|的|油膩感|，|原本|送上來|感覺|豬腳|感覺|怎麼|份量|這麼多|，|後來|發現|大|骨頭|在|中間|裡面|，|至於|用餐|環境|還|算|乾淨|。,6.0,,
邱威然,Undefined or invalid parameter - num_stars,出餐算蠻快的，店家態度也還好，但廚師的餐點品質，有時真讓人不敢恭維 。個人點了一盤“高麗菜炒花枝”，但味道真的讓我及家人無法接受（我很少批評餐點的口感，但這是一盤菜加一瓶醋嗎？），真的是太酸了……,,3 個月前,在地嚮導 · 131 則評論,出餐|算|蠻|快|的|，|店家|態度|也|還好|，|但|廚師|的|餐點|品質|，|有時|真|讓|人|不|敢|恭維|。|個人|點|了|一|盤|“|高麗菜|炒|花枝|”|，|但|味道|真的|讓|我|及|家人|無法|接受|（|我|很少|批評|餐點|的|口感|，|但|這|是|一|盤|菜|加|一|瓶|醋|嗎|？|）|，|真的|是|太|酸|了|…|…,5.0,,
陳俐君,Undefined or invalid parameter - num_stars,平日去人潮依舊不少！豬腳魯的很入味，香嫩好吃，份量其實不算少，其他快炒類味道也不錯，團體聚餐來這裏可以吃的很滿足啦,,3 個月前,99 則評論,平日|去|人潮|依舊|不少|！|豬腳魯|的|很|入味|，|香嫩|好吃|，|份量|其實|不|算|少|，|其他|快|炒類|味道|也|不錯|，|團體|聚餐|來|這裏|可以|吃|的|很|滿足|啦,8.0,,
潘欣芸,Undefined or invalid parameter - num_stars,第一次來萬巒，一定要來嚐嚐道地美食🤩看了網上都說在地人推薦的是林家豬腳‼️ …,,3 個月前,86 則評論,第一|次|來|萬巒|，|一定|要|來|嚐嚐|道地|美食|🤩|看|了|網|上|都|說|在地人|推薦|的|是|林家|豬腳|‼|️|…,2.0,,
黃宏昌,Undefined or invalid parameter - num_stars,沾醬是靈魂之一,,3 個月前,5 則評論,沾醬|是|靈魂|之|一,0.0,,
Tseng Simmon,Undefined or invalid parameter - num_stars,豬腳很好吃，但千萬別點蛤蠣蘆筍，份量很少，點一般青菜就好,,3 個月前,在地嚮導 · 288 則評論,豬腳|很|好吃|，|但|千萬|別|點|蛤蠣|蘆筍|，|份量|很少|，|點|一般|青菜|就|好,4.0,,
淵老爺,Undefined or invalid parameter - num_stars,大推~,,3 個月前,在地嚮導 · 228 則評論,大推|~,0.0,,
陳俊良,Undefined or invalid parameter - num_stars,美味可口,,3 個月前,在地嚮導 · 126 則評論,美味|可口,1.6,,
hsuan LU,Undefined or invalid parameter - num_stars,好吃,,3 個月前,在地嚮導 · 38 則評論,好吃,0.8,,
楊馥瑜,Undefined or invalid parameter - num_stars,菜色多，出餐速度快，服務態度尙可，用餐環境尙可。,,3 個月前,在地嚮導 · 62 則評論,菜色|多|，|出餐|速度|快|，|服務|態度|尙可|，|用餐|環境|尙可|。,3.2,,
朱正順,Undefined or invalid parameter - num_stars,好吃😋 …,,3 個月前,在地嚮導 · 83 則評論,好吃|😋|…,0.8,,
淑美洪,Undefined or invalid parameter - num_stars,豬腳好吃 Q彈入味 附近還有停車場,,3 個月前,在地嚮導 · 23 則評論,豬腳|好吃|Q彈入味|附近|還|有|停車場,0.8,,
威風堂,Undefined or invalid parameter - num_stars,豬腳嫩Q超涮嘴，麵線也好吃～,,3 個月前,在地嚮導 · 32 則評論,豬腳嫩|Q|超|涮嘴|，|麵線|也|好吃|～,0.8,,
年少有為吃雞腿,Undefined or invalid parameter - num_stars,👍 …,,3 個月前,在地嚮導 · 14 則評論,👍|…,0.0,,
Jason Hsiao,Undefined or invalid parameter - num_stars,點了$150的肉來試試口味 份量如圖 無骨皮與膠質有非常特別的香味只有肉的地方也很好吃,,3 個月前,在地嚮導 · 37 則評論,點|了|$|150|的|肉|來|試試|口味|份量|如|圖|無|骨皮|與|膠質|有|非常|特別|的|香味|只|有|肉|的|地方|也|很|好吃,2.0,,
chao,Undefined or invalid parameter - num_stars,豬腳與醬汁很強，其他菜色也不錯,,3 個月前,在地嚮導 · 132 則評論,豬腳|與|醬汁|很|強|，|其他|菜色|也|不錯,1.6,,
曾靜謙,Undefined or invalid parameter - num_stars,豬腳皮Q肉嫩、調味非常好，連醬汁都好吃，炒板條好吃稍鹹、花生豆腐超好吃，一定要點，濃郁的花生味冰冰涼涼非常舒服！生意超好上菜速度快，多種熱炒可選擇！吃完還宅配,,3 個月前,在地嚮導 · 176 則評論,豬腳皮|Q|肉嫩|、|調味|非常|好|，|連|醬汁|都|好吃|，|炒|板條|好吃|稍|鹹|、|花生|豆腐|超|好吃|，|一定|要點|，|濃郁|的|花生味|冰冰涼涼|非常|舒服|！|生意|超好|上|菜|速度|快|，|多|種|熱|炒|可|選擇|！|吃完|還|宅配,8.0,,
蔡蕙婷,Undefined or invalid parameter - num_stars,豬腳皮Q好吃😋，2個人還是得點半隻豬腳，有點多了！青菜炒得清脆，不錯👌炒飯油了點⋯ …,,3 個月前,在地嚮導 · 9 則評論,豬腳皮|Q|好吃|😋|，|2|個|人|還是|得|點|半|隻|豬腳|，|有點|多|了|！|青菜|炒|得|清脆|，|不錯|👌|炒飯|油|了|點|⋯|…,5.0,,
重重,Undefined or invalid parameter - num_stars,好吃的滷豬腳,,3 個月前,"在地嚮導 · 1,181 則評論",好吃|的|滷豬腳,0.8,,
Matthew Pi,Undefined or invalid parameter - num_stars,豬腳好吃,,3 個月前,在地嚮導 · 9 則評論,豬腳|好吃,0.8,,
傅健文,Undefined or invalid parameter - num_stars,非常好吃,,3 個月前,217 則評論,非常|好吃,0.8,,
Yu ChangHsien,Undefined or invalid parameter - num_stars,偷東西是一種不好的行為,,3 個月前,在地嚮導 · 176 則評論,偷|東西|是|一|種|不|好|的|行為,0.8,,
黃雅玟,Undefined or invalid parameter - num_stars,豬腳還不錯，廁所環境有待改善。,,3 個月前,在地嚮導 · 35 則評論,豬腳|還|不錯|，|廁所|環境|有待|改善|。,0.8,,
曾俊勝,Undefined or invalid parameter - num_stars,動作快，客人太多，需等候一會兒,,3 個月前,在地嚮導 · 17 則評論,動作|快|，|客人|太多|，|需|等候|一會兒,1.6,,
蔡奇峰,Undefined or invalid parameter - num_stars,豬腳半份270元，份量非常實在，非常好吃，以這周圍三家以來我認為林家最棒，炒米粉及板條都不錯吃不過真的有點油的太誇張了，建議油的部分在控管一下會更好,,3 個月前,27 則評論,豬腳|半|份|270|元|，|份量|非常|實在|，|非常|好吃|，|以|這|周圍|三|家|以來|我|認為|林家|最|棒|，|炒|米粉|及|板條|都|不錯|吃不過|真的|有點|油|的|太|誇張|了|，|建議|油|的|部分|在|控管|一下|會|更|好,7.0,,
左光濤,Undefined or invalid parameter - num_stars,豬腳滷的很入味，豬耳朵也很好吃,,3 個月前,在地嚮導 · 31 則評論,豬腳滷|的|很|入味|，|豬|耳朵|也|很|好吃,1.6,,
威廉,Undefined or invalid parameter - num_stars,"好吃的豬腳,薑絲炒大腸有點太酸了,整體而言相當合乎我的胃口。",,3 個月前,在地嚮導 · 83 則評論,"好吃|的|豬腳|,|薑絲|炒|大腸|有點|太|酸|了|,|整體|而言|相當|合乎|我|的|胃口|。",2.0,,
成康南,Undefined or invalid parameter - num_stars,豬腳好吃,,3 個月前,29 則評論,豬腳|好吃,0.8,,
陳文雅,Undefined or invalid parameter - num_stars,在地人推薦林家,,3 個月前,1 則評論,在地人|推薦|林家,0.0,,
廣哥朕在忙,Undefined or invalid parameter - num_stars,萬巒鄉豬腳老牌名店，好吃😋店家人員十分親切友善 …,,3 個月前,在地嚮導 · 246 則評論,萬巒鄉|豬腳|老牌|名|店|，|好吃|😋|店家|人員|十分|親切|友善|…,3.2,,
無名,Undefined or invalid parameter - num_stars,好吃 價格合理,,3 個月前,在地嚮導 · 5 則評論,好吃|價格|合理,1.6,,
吳玉霞,Undefined or invalid parameter - num_stars,蒜蓉醬够嗆够味。,,3 個月前,19 則評論,蒜蓉|醬够|嗆|够味|。,0.8,,
林宥騰,Undefined or invalid parameter - num_stars,好吃不油膩，喜歡吃豬腳的別錯過,,3 個月前,在地嚮導 · 186 則評論,好吃|不|油膩|，|喜歡|吃|豬腳|的|別|錯過,1.6,,
吳崇勛,Undefined or invalid parameter - num_stars,好吃😋！內用+外帶！讚👍 …,,3 個月前,在地嚮導 · 99 則評論,好吃|😋|！|內|用|+|外帶|！|讚👍|…,0.8,,
郭芳慈,Undefined or invalid parameter - num_stars,不好停車，只能夠用現金結帳，店員服務態度還不錯，排隊結帳速度還算快，五個人排在我前面消化速度大約10分鐘以內,,3 個月前,4 則評論,不|好|停車|，|只|能夠|用|現金|結帳|，|店員|服務|態度|還|不錯|，|排隊|結帳|速度|還|算|快|，|五|個|人|排|在|我|前面|消化|速度|大約|10|分鐘|以內,3.0,,
蔡嘉峰,Undefined or invalid parameter - num_stars,豬腳好吃，其他就一般但價格算親民,,3 個月前,在地嚮導 · 53 則評論,豬腳|好吃|，|其他|就|一般|但|價格|算|親民,1.6,,
朱清賢,Undefined or invalid parameter - num_stars,老店的名氣，傳統的萬巒豬腳味道,,3 個月前,在地嚮導 · 21 則評論,老店|的|名氣|，|傳統|的|萬巒|豬腳|味道,0.8,,
劉議友,Undefined or invalid parameter - num_stars,豬腳，無敵,,3 個月前,在地嚮導 · 17 則評論,豬腳|，|無敵,0.8,,
机璦伶,Undefined or invalid parameter - num_stars,豬腳，炒板條，薑絲大腸，炒鹹豬肉好吃，白蝦一份200元只有10隻。,,3 個月前,81 則評論,豬腳|，|炒|板條|，|薑絲|大腸|，|炒|鹹|豬肉|好吃|，|白蝦|一|份|200|元|只|有|10|隻|。,1.6,,
邱瑞珍,Undefined or invalid parameter - num_stars,好吃傳統，不會等太久,,3 個月前,2 則評論,好吃|傳統|，|不會|等|太|久,2.4000000000000004,,
Olamendi,Undefined or invalid parameter - num_stars,好吃，合口味！,,3 個月前,91 則評論,好吃|，|合|口味|！,0.8,,
岡田安弘,Undefined or invalid parameter - num_stars,好吃，cp值不高,,3 個月前,在地嚮導 · 395 則評論,好吃|，|cp值|不|高,1.6,,
郭明德,Undefined or invalid parameter - num_stars,現場用餐豬腳風味佳米苔目Q湯美味鮮甜,,3 個月前,在地嚮導 · 782 則評論,現場|用餐|豬腳|風味|佳|米苔目|Q湯|美味|鮮甜,2.4000000000000004,,
楊政寧,Undefined or invalid parameter - num_stars,非常好吃,,3 個月前,在地嚮導 · 40 則評論,非常|好吃,0.8,,
賴立夫,Undefined or invalid parameter - num_stars,"An understated place with very good food. Parking is a but tough but the people were very nice and let us squeeze in.Helpful, lovely staff.",,3 個月前,10 則評論,"Anunderstatedplacewithverygoodfood.Parkingisabuttoughbutthepeoplewereveryniceandletussqueezein.Helpful|,|lovelystaff|.",0.0,,
邱明政,Undefined or invalid parameter - num_stars,好吃推,,4 個月前,在地嚮導 · 38 則評論,好吃|推,0.8,,
賴俊豪,Undefined or invalid parameter - num_stars,除了豬腳以外，點的菜都不錯吃,,4 個月前,在地嚮導 · 111 則評論,除了|豬腳|以外|，|點|的|菜|都|不錯|吃,0.8,,
羅傑,Undefined or invalid parameter - num_stars,非常好吃的豬腳，回台北路上還特別去外帶，重點是還不貴，下次我會試試看網購,,4 個月前,9 則評論,非常|好吃|的|豬腳|，|回|台北路|上|還|特別|去|外帶|，|重點|是|還|不|貴|，|下|次|我|會|試試|看網|購,4.0,,
林永芳,Undefined or invalid parameter - num_stars,不錯吃,,4 個月前,10 則評論,不錯|吃,0.8,,
星爵Channel,Undefined or invalid parameter - num_stars,那天師傅送來一大包萬巒豬腳，林家？沒買過，好吃嗎？ㄟ！還真的不錯吃內，家人也稱讚，以後都買這家。,,4 個月前,6 則評論,那|天|師傅|送來|一|大|包|萬巒|豬腳|，|林家|？|沒|買|過|，|好吃|嗎|？|ㄟ|！|還|真的|不錯|吃|內|，|家人|也|稱讚|，|以後|都|買|這|家|。,5.0,,
08928523 llin,Undefined or invalid parameter - num_stars,每次經過此地，都會買一份外帶回家吃。,,4 個月前,在地嚮導 · 310 則評論,每|次|經過|此|地|，|都|會|買|一|份|外帶|回家|吃|。,0.8,,
張麗如,Undefined or invalid parameter - num_stars,豬腳軟嫩，皮肥肉少。一隻豬腳含骨頭一起秤240／斤，秤起來520（超過一半是骨頭）另外買300的豬腳，現場先抓半隻純骨頭242，另外夾肥皮+肉湊到滿300。 …,,4 個月前,在地嚮導 · 97 則評論,豬腳|軟|嫩|，|皮|肥肉|少|。|一|隻|豬腳|含|骨頭|一起|秤|240|／|斤|，|秤起來|520|（|超過|一半|是|骨頭|）|另外|買|300|的|豬腳|，|現場|先|抓|半|隻|純|骨頭|242|，|另外|夾|肥皮|+|肉|湊到|滿|300|。|…,6.0,,
Allen Chung,Undefined or invalid parameter - num_stars,豬腳真的超好吃上菜速度也超快,,4 個月前,在地嚮導 · 27 則評論,豬腳|真的|超|好吃|上菜|速度|也|超快,1.6,,
林金盆,Undefined or invalid parameter - num_stars,每次從附近經過就會考慮買一份帶回家共享。,,4 個月前,在地嚮導 · 14 則評論,每|次|從|附近|經過|就|會|考慮|買|一|份|帶回|家|共享|。,0.0,,
林汶蒨,Undefined or invalid parameter - num_stars,皮Q肉入味值得一在回購的地方,,4 個月前,在地嚮導 · 51 則評論,皮|Q肉|入味|值得|一|在|回購|的|地方,1.6,,
劉淑雯,Undefined or invalid parameter - num_stars,皮Q肉嫩，但最厲害的是沾醬,,4 個月前,在地嚮導 · 3 則評論,皮|Q|肉嫩|，|但|最|厲害|的|是|沾醬,1.6,,
King Chiu,Undefined or invalid parameter - num_stars,嘴饞殺去萬巒買豬腳選了有別於以往常買的X鴻沒想到一致獲得好評 …,,4 個月前,在地嚮導 · 373 則評論,嘴|饞|殺去|萬巒|買|豬腳|選|了|有別於|以往|常|買|的|X鴻|沒想到|一致|獲得|好評|…,3.0,,
Jenny Chen,Undefined or invalid parameter - num_stars,吃豬腳...眼睛也跟著吃呀,,4 個月前,在地嚮導 · 13 則評論,吃|豬腳|.|.|.|眼睛|也|跟|著|吃|呀,0.0,,
謝長旺,Undefined or invalid parameter - num_stars,外帶一整隻豬腳 510元冷了很Q 口味不錯!,,4 個月前,在地嚮導 · 38 則評論,外帶|一|整|隻|豬腳|510|元|冷|了|很|Q|口味|不錯|!,1.6,,
金城武,Undefined or invalid parameter - num_stars,美味 價格合理 缺點是內用菜色不多（對於小家庭而言）服務很優+,,4 個月前,在地嚮導 · 90 則評論,美味|價格|合理|缺點|是|內用|菜色|不|多|（|對於|小家庭|而言|）|服務|很|優|+,4.0,,
劉秋蓉,Undefined or invalid parameter - num_stars,優,,4 個月前,在地嚮導 · 8 則評論,優,0.8,,
ra hung,Undefined or invalid parameter - num_stars,好吃，醬料給不手軟。良心商家,,4 個月前,"在地嚮導 · 1,026 則評論",好吃|，|醬料|給|不|手軟|。|良心|商家,1.6,,
邱哲楠,Undefined or invalid parameter - num_stars,口感很嫩好多膠質，而且大熱天冷氣超強，真的很爽，要推一下豆腐很像芋頭做的⋯很Q又有飽足感，超酷的,,4 個月前,289 則評論,口感|很|嫩|好多|膠質|，|而且|大|熱天|冷氣|超強|，|真的|很|爽|，|要|推|一下|豆腐|很|像|芋頭|做|的|⋯|很|Q|又|有|飽足感|，|超酷|的,6.0,,
TAKO,Undefined or invalid parameter - num_stars,好吃,,4 個月前,在地嚮導 · 87 則評論,好吃,0.8,,
劉金秀,Undefined or invalid parameter - num_stars,喜歡這間好吃的豬腳,,4 個月前,在地嚮導 · 50 則評論,喜歡|這|間|好吃|的|豬腳,0.8,,
Lifang Lin,Undefined or invalid parameter - num_stars,林家豬腳是從年輕吃到現在的老風味 …,,4 個月前,1 則評論,林家|豬腳|是|從|年輕|吃到|現在|的|老|風味|…,1.6,,
Ma Cing,Undefined or invalid parameter - num_stars,滷的QQ的搭配蒜蓉醬完美,,4 個月前,在地嚮導 · 120 則評論,滷|的|QQ|的|搭配|蒜蓉醬|完美,0.8,,
James,Undefined or invalid parameter - num_stars,回味無窮,,4 個月前,20 則評論,回味|無窮,0.8,,
Lily kao,Undefined or invalid parameter - num_stars,QQ豬腳,,4 個月前,在地嚮導 · 45 則評論,QQ|豬腳,0.0,,
林阿妙,Undefined or invalid parameter - num_stars,正宗在地萬峦豬腳、實在好吃！讚！,,4 個月前,在地嚮導 · 557 則評論,正宗|在地|萬|峦|豬腳|、|實在|好吃|！|讚|！,1.6,,
張寶玉,Undefined or invalid parameter - num_stars,服務佳！料理美味！值得推薦,,4 個月前,在地嚮導 · 94 則評論,服務|佳|！|料理|美味|！|值得|推薦,2.4000000000000004,,
許柔柔,Undefined or invalid parameter - num_stars,2021.11.20看來口味這種東西還是要親自試過才知道，聽別人說的不一定準，之前看美食評論每次都買萬X，後來想說試試其他家，結果林家的也很好吃，吃完不油不膩，不會有噁心感，醬料也適中，蒜味不會過於辛辣，他們家是秤重賣的，不過好像也可以指定價位看你要300.400.500之類的，我是說要2包300的。 …,,4 個月前,在地嚮導 · 4 則評論,2021|.|11|.|20|看來|口味|這|種|東西|還是|要|親自|試|過|才|知道|，|聽|別人|說|的|不一定|準|，|之前|看|美食|評論|每|次|都|買|萬X|，|後來|想說|試試|其他|家|，|結果|林家|的|也|很|好吃|，|吃完|不|油|不|膩|，|不會|有|噁心感|，|醬料|也|適中|，|蒜味|不會|過於|辛辣|，|他們|家|是|秤重|賣|的|，|不過|好像|也|可以|指定|價位|看|你|要|300.|400|.|500|之類|的|，|我|是|說|要|2|包|300|的|。|…,6.0,,
Ziyun Ning,Undefined or invalid parameter - num_stars,2022/5/26（四）一樣是十幾年前吃過的那個味道允指回味，就是美味來萬巒必買*\0/*,,4 個月前,在地嚮導 · 232 則評論,2022|/|5|/26|（四）|一樣|是|十幾|年|前|吃|過|的|那|個|味道|允指|回味|，|就|是|美味|來|萬|巒|必|買|*\0/*,3.0,,
楊烱森,Undefined or invalid parameter - num_stars,傳統好滋味 服務態度良好,,4 個月前,在地嚮導 · 261 則評論,傳統|好|滋味|服務|態度|良好,2.4000000000000004,,
鄭可真,Undefined or invalid parameter - num_stars,帶皮的部分特別香，吃起來不會覺得太肥或太鹹,,4 個月前,在地嚮導 · 16 則評論,帶|皮|的|部分|特別|香|，|吃起來|不會|覺得|太|肥|或|太|鹹,3.2,,
garry CJ,Undefined or invalid parameter - num_stars,多年前，到屏東當然要吃豬腳就找到這家 …,,4 個月前,在地嚮導 · 4 則評論,多|年|前|，|到|屏東|當然|要|吃|豬腳|就|找到|這|家|…,1.6,,
宋英彰,Undefined or invalid parameter - num_stars,豬腳口味清淡軟嫩,,4 個月前,在地嚮導 · 3 則評論,豬腳|口味|清淡|軟嫩,1.6,,
洪得揚,Undefined or invalid parameter - num_stars,實際用餐的點在褒忠路跟民和路交叉口。豬腳的部分可以選份量， …,,4 個月前,在地嚮導 · 74 則評論,實際|用餐|的|點|在|褒忠路|跟|民和路|交叉口|。|豬腳|的|部分|可以|選|份量|，|…,2.0,,
唐詠宗,Undefined or invalid parameter - num_stars,那附近的豬腳全吃過就固定買林家的了,,4 個月前,在地嚮導 · 8 則評論,那|附近|的|豬腳|全|吃|過|就|固定|買|林家|的|了,0.8,,
amy,Undefined or invalid parameter - num_stars,豬腳，豬舌尾巴好吃，服務親切,,4 個月前,36 則評論,豬腳|，|豬舌|尾巴|好吃|，|服務|親切,1.6,,
吳三泰,Undefined or invalid parameter - num_stars,豬腳不貴很好吃~環境不錯冷氣很涼~快炒也不錯吃~很棒的一間店~,,4 個月前,7 則評論,豬腳|不|貴|很|好吃|~|環境|不錯|冷氣|很|涼|~|快|炒|也|不錯|吃|~|很|棒|的|一|間|店|~,7.0,,
昭去盛,Undefined or invalid parameter - num_stars,就是豬腳,,4 個月前,在地嚮導 · 574 則評論,就是|豬腳,0.0,,
陳啟利,Undefined or invalid parameter - num_stars,味道正點,,4 個月前,在地嚮導 · 20 則評論,味道|正點,0.8,,
卓鈺祺,Undefined or invalid parameter - num_stars,"好吃的店,Q而不膩",,4 個月前,3 則評論,"好吃|的|店|,|Q|而|不|膩",1.6,,
林景 星,Undefined or invalid parameter - num_stars,"豬腳 Q T T ,不肥感覺吃下了很多膠原蛋白",,4 個月前,在地嚮導 · 63 則評論,"豬腳|QTT|,|不肥|感覺|吃下|了|很多|膠原|蛋白",0.8,,
吳國榮,Undefined or invalid parameter - num_stars,不錯,,4 個月前,7 則評論,不錯,0.8,,
張秀燕,Undefined or invalid parameter - num_stars,是那種時間長了就會想念的味道，沾醬是各別的獨門秘方，在這一級戰區裡適合尋找自己偏好的滋味。,,4 個月前,在地嚮導 · 84 則評論,是|那|種|時間|長|了|就|會|想念|的|味道|，|沾醬|是|各別|的|獨門|秘方|，|在|這|一|級|戰區|裡|適合|尋找|自己|偏好|的|滋味|。,2.0,,
Kenson Yang,Undefined or invalid parameter - num_stars,與萬巒女神共進豬腳餐 開薰～豬腳超好吃 服務人員也超客氣!! 值得五顆星,,4 個月前,1 則評論,與|萬巒|女神|共進|豬腳餐|開薰|～|豬腳|超|好吃|服務|人員|也|超客氣|!|!|值得|五|顆|星,3.0,,
李仁哲,Undefined or invalid parameter - num_stars,個人覺得林家豬腳不會太油其他菜餚也很棒,,5 個月前,在地嚮導 · 241 則評論,個人|覺得|林家|豬腳|不會|太|油|其他|菜餚|也|很|棒,1.6,,
Sung Zk,Undefined or invalid parameter - num_stars,萬巒的林家豬腳，甚為有名，豬腳道地的Q好吃，此家是第二次來品嚐，菜色多樣化，出菜很快，服務佳，價位中等。另有賣外帶，因地點好，生意極佳。,,5 個月前,在地嚮導 · 2 則評論,萬巒|的|林家|豬腳|，|甚為|有名|，|豬腳|道地|的|Q|好吃|，|此|家|是|第二|次|來|品嚐|，|菜色|多樣化|，|出菜|很|快|，|服務|佳|，|價位|中等|。|另|有|賣|外帶|，|因|地點|好|，|生意|極|佳|。,8.0,,
謝騏駿,Undefined or invalid parameter - num_stars,物美價廉，爽脆可口,,5 個月前,7 則評論,物美價廉|，|爽脆|可口,2.4000000000000004,,
陳柏愷,Undefined or invalid parameter - num_stars,好吃 不像傳統客家風味那麼重口，非假日前來感覺很好,,5 個月前,5 則評論,好吃|不|像|傳統|客家|風味|那麼|重口|，|非|假日|前來|感覺|很|好,3.2,,
張信忠,Undefined or invalid parameter - num_stars,口味不錯，有附設停車場🅿️ …,,5 個月前,在地嚮導 · 100 則評論,口味|不錯|，|有|附設|停車場|🅿|️|…,0.8,,
宇製務,Undefined or invalid parameter - num_stars,特地來吃豬腳，豬腳好吃，地瓜葉炒的也很入味，沾醬也很棒,,5 個月前,在地嚮導 · 106 則評論,特地|來|吃|豬腳|，|豬腳|好吃|，|地瓜葉|炒|的|也|很|入味|，|沾|醬|也|很|棒,4.0,,
Yiting Huang,Undefined or invalid parameter - num_stars,豬腳太好吃了,,5 個月前,在地嚮導 · 115 則評論,豬腳|太|好吃|了,0.8,,
Leopard Lee,Undefined or invalid parameter - num_stars,好吃,,5 個月前,26 則評論,好吃,0.8,,
鄧雅惠,Undefined or invalid parameter - num_stars,口味一般般，店員服務態度很不好 ，可能是老店了，不用再進步了,,5 個月前,6 則評論,口味|一般|般|，|店員|服務|態度|很|不|好|，|可能|是|老店|了|，|不用|再|進步|了,3.0,,
張晴,Undefined or invalid parameter - num_stars,年輕人很會做生意，外帶沾醬沒給還好像我們要惡意凹沾醬，沾醬的成本大概很貴吧，還好是阿婆後來有給，不然還真不知道怎麼吃，年輕人加油，省沾醬發大財，以後不會在去了,,5 個月前,在地嚮導 · 209 則評論,年輕人|很|會|做生意|，|外帶|沾醬|沒|給|還|好像|我們|要|惡意|凹沾醬|，|沾醬|的|成本|大概|很|貴|吧|，|還好|是|阿婆|後來|有給|，|不然|還|真|不|知道|怎麼|吃|，|年輕人|加油|，|省|沾|醬|發|大|財|，|以後|不會|在|去|了,4.0,,
skeniy,Undefined or invalid parameter - num_stars,第一次到萬巒吃著這間豬腳皮Q 夠味 不柴 蒜蓉醬好吃。點了熱炒，薑絲大腸 客家小炒 炸大腸 糖醋魚～重口味很好吃！ …,,5 個月前,在地嚮導 · 3 則評論,第一|次|到|萬巒|吃|著|這|間|豬腳皮|Q|夠味|不|柴|蒜蓉醬|好吃|。|點|了|熱|炒|，|薑絲|大腸|客家|小|炒炸|大腸|糖醋魚|～|重|口味|很|好吃|！|…,6.0,,
Shan,Undefined or invalid parameter - num_stars,屏東萬巒豬腳街，林家豬腳最好吃。,,5 個月前,在地嚮導 · 19 則評論,屏東|萬巒|豬腳街|，|林家|豬腳|最|好吃|。,0.8,,
卓慶彬,Undefined or invalid parameter - num_stars,好吃又不膩口！,,5 個月前,在地嚮導 · 8 則評論,好吃|又|不|膩口|！,1.6,,
林昱廷,Undefined or invalid parameter - num_stars,豬腳真的是沒話說的好吃，肥肉的部分很Q彈，瘦肉也不會乾，而且一定要沾醬！我覺得半份的份量就蠻多了，另外點了一碗湯跟炒水蓮（水蓮也炒得很棒！），2人吃有點太飽，3人一起吃應該差不多～,,5 個月前,在地嚮導 · 80 則評論,豬腳|真的|是|沒|話|說|的|好吃|，|肥肉|的|部分|很|Q|彈|，|瘦肉|也|不會|乾|，|而且|一定|要|沾|醬|！|我|覺得|半|份|的|份量|就|蠻|多|了|，|另外|點|了|一|碗|湯|跟|炒|水蓮|（|水蓮|也|炒|得|很|棒|！|）|，|2|人|吃|有點|太|飽|，|3|人|一起|吃|應該|差不多|～,8.0,,
吳志軒,Undefined or invalid parameter - num_stars,3個大人點了半只豬腳和炒米苔目，地瓜葉，炸豆腐，蛋花湯，加外帶一只豬腳合計1006。好好吃，cp值高，豬腳還吃不完打包,,5 個月前,在地嚮導 · 25 則評論,3|個|大人|點|了|半|只|豬腳|和|炒|米苔目|，|地瓜葉|，|炸|豆腐|，|蛋花湯|，|加|外帶|一|只|豬腳|合計|1006|。|好好吃|，|cp值|高|，|豬腳|還|吃|不|完|打包,4.0,,
Hawk小一元,Undefined or invalid parameter - num_stars,萬巒豬腳好吃～有機會來一定會在來選購～,,5 個月前,6 則評論,萬巒|豬腳|好吃|～|有|機會|來|一定|會|在|來|選購|～,1.6,,
凍果,Undefined or invalid parameter - num_stars,外帶人多時要注意，因為切肉區跟結帳區會搞混，小心你秤了1300的豬腳結果拿了1000的豬腳回家,,5 個月前,41 則評論,外帶|人|多時|要|注意|，|因為|切肉區|跟|結帳區|會|搞混|，|小心|你|秤|了|1300|的|豬腳|結果|拿|了|1000|的|豬腳|回家,1.0,,
李小玉,Undefined or invalid parameter - num_stars,這家味道比較適合我的口味,,5 個月前,43 則評論,這|家|味道|比較|適合|我|的|口味,0.8,,
鄒小良,Undefined or invalid parameter - num_stars,因為外面的分店很多，剛剛好有事情要到萬巒鄉，順路一定要去嘗試看看，真正的一間，我才發現原來他們，都是，姓林的比較多，打電話，給在地的林先生，確定後（買回家，爸爸說~很不錯👍）跟其他的分店差很大，， …,,5 個月前,在地嚮導 · 262 則評論,因為|外面|的|分店|很多|，|剛剛好|有|事情|要|到|萬巒鄉|，|順路|一定|要|去|嘗試|看看|，|真正|的|一|間|，|我|才|發現|原來|他們|，|都|是|，|姓|林|的|比較|多|，|打電話|，|給|在|地|的|林|先生|，|確定|後|（|買回家|，|爸爸|說|~|很|不錯|👍|）|跟|其他|的|分店|差|很|大|，|，|…,6.0,,
蔡宗宏,Undefined or invalid parameter - num_stars,豬腳不油不膩.入口軟嫩.人間美味.真的不虛此行.半隻270元1隻500多元.那條街有多家豬腳店任選.感覺附近真的很鄉下純樸.有種是因為豬腳才帶起當地的繁榮感..,,5 個月前,在地嚮導 · 89 則評論,豬腳|不|油|不|膩|.|入口|軟嫩|.|人間|美味|.|真的|不虛此行|.|半|隻|270|元|1|隻|500多|元|.|那|條|街|有|多|家|豬腳店|任選|.|感覺|附近|真的|很|鄉下|純樸|.|有|種|是|因為|豬腳|才|帶起|當地|的|繁榮感|..,4.0,,
Jessie Lin,Undefined or invalid parameter - num_stars,大快朵頤,,5 個月前,在地嚮導 · 263 則評論,大快朵頤,0.0,,
Sharon Lim,Undefined or invalid parameter - num_stars,好多年沒吃一樣味道沒有變東西一樣的好吃豬腳超棒環境好停車方便,,5 個月前,在地嚮導 · 303 則評論,好多|年|沒|吃|一樣|味道|沒有|變|東西|一樣|的|好吃|豬腳|超棒|環境|好|停車|方便,6.0,,
cora,Undefined or invalid parameter - num_stars,這家豬腳非常好吃，雖然沒有濃厚的醬油味，不過也因此更能顯出豬腳的風味。再加上他的豬腳非常軟嫩，吃下去就好像在天堂一樣。,,5 個月前,在地嚮導 · 78 則評論,這|家|豬|腳|非常|好吃|，|雖然|沒有|濃厚|的|醬油味|，|不過|也|因此|更|能|顯出|豬腳|的|風味|。|再|加上|他|的|豬腳|非常|軟嫩|，|吃下去|就|好像|在|天堂|一樣|。,4.0,,
植村秀,Undefined or invalid parameter - num_stars,之前都吃隔壁店家的豬腳，此次想說換個店家試試看，當天到訪時人不多上菜速度很快，因為我們只有兩個人，所以只點了薑絲炒大腸、炒水蓮、豬腳（小份）、酸菜排骨湯，每一道都非常滿意，口味、份量、價位都非常滿意，豬腳也非常好吃，下次去屏東還想去吃,,5 個月前,3 則評論,之前|都|吃|隔壁|店家|的|豬腳|，|此|次|想|說|換|個|店家|試試|看|，|當天|到訪|時|人|不|多|上菜|速度|很|快|，|因為|我們|只|有|兩|個|人|，|所以|只|點|了|薑絲|炒|大腸|、|炒|水蓮|、|豬腳|（|小份|）|、|酸菜|排骨湯|，|每|一|道|都|非常|滿意|，|口味|、|份量|、|價位|都|非常|滿意|，|豬腳|也|非常|好吃|，|下|次|去|屏東|還|想|去|吃,6.0,,
shue雅雅,Undefined or invalid parameter - num_stars,其實豬腳的味道他們幾家都差不多可是~我超喜歡他家的蒜蓉醬 …,,5 個月前,在地嚮導 · 5 則評論,其實|豬腳|的|味道|他們|幾|家|都|差不多|可是|~|我|超喜歡|他|家|的|蒜蓉醬|…,1.0,,
翁莞莞,Undefined or invalid parameter - num_stars,附設停車場很方便，豬腳真的很好吃！,,5 個月前,在地嚮導 · 85 則評論,附設|停車場|很|方便|，|豬腳|真的|很|好吃|！,1.6,,
尤雅鳳,Undefined or invalid parameter - num_stars,菜炒的太鹹了，豬腳口味還不錯,,5 個月前,在地嚮導 · 211 則評論,菜|炒|的|太|鹹|了|，|豬腳|口味|還|不錯,1.6,,
陳哲生,Undefined or invalid parameter - num_stars,豬腳還ok,,5 個月前,在地嚮導 · 39 則評論,豬腳|還|ok,0.0,,
Stanley Chuang,Undefined or invalid parameter - num_stars,好吃,,5 個月前,167 則評論,好吃,0.8,,
李心怡,Undefined or invalid parameter - num_stars,買伴手禮,,5 個月前,在地嚮導 · 31 則評論,買|伴手|禮,0.0,,
Jason Shih,Undefined or invalid parameter - num_stars,2022/04到訪。萬巒豬腳好好吃😋2大2小 先點半隻豬腳，豬腳一端上桌，拍了1張照片，立刻開始享用，但因為美食當前(還是太餓？)之後的其他菜色，居然連一張照片都不記得拍😂😂 …,,5 個月前,在地嚮導 · 118 則評論,2022/04|到訪|。|萬巒|豬腳|好好|吃|😋2|大|2|小先|點|半|隻|豬腳|，|豬腳|一|端|上桌|，|拍|了|1|張|照片|，|立刻|開始|享用|，|但|因為|美食|當前|(|還是|太|餓|？|)|之後|的|其他|菜色|，|居然|連|一|張|照片|都|不|記得|拍|😂|😂|…,3.0,,
田力安,Undefined or invalid parameter - num_stars,禮拜日去，豬腳很新鮮，好吃,,5 個月前,在地嚮導 · 17 則評論,禮拜日|去|，|豬腳|很|新鮮|，|好吃,1.6,,
YANG,Undefined or invalid parameter - num_stars,肥而不膩～,,5 個月前,在地嚮導 · 157 則評論,肥|而|不|膩|～,1.6,,
王明華,Undefined or invalid parameter - num_stars,林家猪脚是在地人很喜歡的商家，雖然滷豬腳在萬巒口味大同小異重點是它們的蒜蓉沾醬很不一樣鹹甜適中滿滿蒜泥味能打開我們的味蕾，餐廳裡有很多意想不到的客家美食，來這裡除了吃猪脚也不要忘了最具客家味的粄條-炸豆腐和鮮嫩的半天筍。在地人嚴選林家猪脚，送禮會選海鴻，因為比較有名氣,,5 個月前,在地嚮導 · 148 則評論,林家猪脚|是|在地人|很|喜歡|的|商家|，|雖然|滷豬腳|在|萬巒|口味|大同小異|重點|是|它們|的|蒜蓉|沾醬|很|不|一樣|鹹甜|適中|滿滿|蒜泥味|能|打開|我們|的|味蕾|，|餐廳|裡|有|很多|意想不到|的|客家|美食|，|來|這裡|除了|吃|猪脚|也|不要|忘|了|最|具|客家味|的|粄條|-|炸豆腐|和|鮮嫩|的|半|天筍|。|在地人|嚴選|林家猪脚|，|送|禮|會|選|海鴻|，|因為|比較|有|名氣,8.0,,
小善純,Undefined or invalid parameter - num_stars,重新裝潢後非常寬敞明亮，廁所乾淨且有電梯。餐點便宜好吃，有免費停車場,,5 個月前,在地嚮導 · 61 則評論,重新|裝潢|後|非常|寬敞|明亮|，|廁所|乾淨|且|有|電梯|。|餐點|便宜|好吃|，|有|免費|停車場,7.0,,
hammer tang,Undefined or invalid parameter - num_stars,路過經過，不要錯過來吃午餐,,5 個月前,在地嚮導 · 5 則評論,路過|經過|，|不要|錯過來|吃|午餐,0.0,,
Hank Li,Undefined or invalid parameter - num_stars,好吃,,5 個月前,1 則評論,好吃,0.8,,
沈東霖,Undefined or invalid parameter - num_stars,上菜速度快，東西好吃，推薦,,5 個月前,在地嚮導 · 917 則評論,上菜|速度|快|，|東西|好吃|，|推薦,1.6,,
尤梅桂,Undefined or invalid parameter - num_stars,外帶豬腳，建議自己挑選好再請他包裝...,,5 個月前,在地嚮導 · 27 則評論,外帶|豬腳|，|建議|自己|挑選好|再|請|他|包裝|...,0.0,,
Vasen La,Undefined or invalid parameter - num_stars,"第一次去萬巒,不知道買哪一間,就選路口這間林家,因為沒有吃過別間無從比較,反正就覺得好吃,豬腳皮QQ不油膩這點很讚",,5 個月前,在地嚮導 · 245 則評論,"第一|次|去|萬|巒|,|不|知道|買|哪|一|間|,|就|選|路口|這|間|林家|,|因為|沒有|吃|過|別|間|無從|比較|,|反正|就|覺得|好吃|,|豬腳皮|QQ|不|油膩|這|點|很|讚",6.0,,
佩珣林,Undefined or invalid parameter - num_stars,豬腳傳統老店。,,5 個月前,341 則評論,豬腳|傳統|老店|。,0.8,,
nanying chen,Undefined or invalid parameter - num_stars,好吃的豬腳料理,,5 個月前,在地嚮導 · 13 則評論,好吃|的|豬腳|料理,0.8,,
鐘文鈴,Undefined or invalid parameter - num_stars,消費日：2022/4月上次吃是很多年前了，今年來吃一樣美味豬腳秤重賣，大概每隻約在5-600元之間,,5 個月前,2 則評論,消費日|：|2022/4月|上|次|吃|是|很多|年|前|了|，|今年|來|吃|一樣|美味|豬腳秤|重賣|，|大概|每|隻|約|在|5|-|600|元|之間,3.0,,
賴坤鋒,Undefined or invalid parameter - num_stars,豬腳軟Q入味，瘦肉不柴肥肉不膩，值得推薦,,5 個月前,在地嚮導 · 66 則評論,豬腳|軟|Q|入味|，|瘦肉|不|柴|肥肉|不|膩|，|值得|推薦,3.2,,
吳宏仁,Undefined or invalid parameter - num_stars,感覺豬腳還好，沒有特別好吃,,5 個月前,在地嚮導 · 127 則評論,感覺|豬腳|還好|，|沒有|特別|好吃,2.4000000000000004,,
HY Tsao,Undefined or invalid parameter - num_stars,屏東 萬巒豬腳哇哇 真的是 豬腳一條街第一次來到 這個 地方 …,,5 個月前,在地嚮導 · 27 則評論,屏東|萬巒|豬腳|哇哇|真的|是|豬腳|一|條|街|第一|次|來到|這|個|地方|…,0.0,,
DAVID,Undefined or invalid parameter - num_stars,原本要去隔壁的海鴻，最後選擇林家豬腳。豬腳香Q且不膩讓人停不下筷子，點了蝦子上菜時發現是冷盤，抱著失望的心情給自己挾了一支，蝦子入口後才知道店家的用心，蝦子不但新鮮香甜、QQ彈性的口感讓人讚不絕口。蛤蜊冬瓜湯鮮甜、炒板條也在水準之上。下次來萬巒用餐的首選。,,5 個月前,在地嚮導 · 40 則評論,原本|要|去|隔壁|的|海鴻|，|最後|選擇|林家|豬腳|。|豬腳|香|Q|且|不|膩|讓|人|停|不|下|筷子|，|點|了|蝦子|上|菜|時|發現|是|冷盤|，|抱|著|失望|的|心情|給|自己|挾|了|一|支|，|蝦子|入口|後|才|知道|店家|的|用心|，|蝦子|不但|新鮮|香甜|、|QQ|彈性|的|口感|讓|人|讚不絕口|。|蛤蜊|冬瓜湯|鮮甜|、|炒|板條|也|在|水準|之上|。|下|次|來|萬|巒|用餐|的|首選|。,8.0,,
宋正義,Undefined or invalid parameter - num_stars,跟家人來吃，鹹度剛好+店家提供的沾醬更佳美味。,,5 個月前,在地嚮導 · 239 則評論,跟|家人|來|吃|，|鹹度|剛好|+|店家|提供|的|沾醬|更|佳|美味|。,2.4000000000000004,,
zoe chang,Undefined or invalid parameter - num_stars,豬腳也等太久了吧,,5 個月前,4 則評論,豬腳|也|等|太|久|了|吧,1.6,,
尼克,Undefined or invalid parameter - num_stars,林家豬腳才是原先菜市場內老味道,,5 個月前,15 則評論,林家|豬腳|才|是|原先|菜市場|內|老|味道,0.8,,
洪志昆,Undefined or invalid parameter - num_stars,唯一沒走味的店家 謝謝你的堅持,,5 個月前,在地嚮導 · 37 則評論,唯一|沒|走味|的|店家|謝謝|你|的|堅持,0.8,,
唐晞宇（大唐）,Undefined or invalid parameter - num_stars,但是忙起來就差的服務,,5 個月前,在地嚮導 · 132 則評論,但是|忙|起來|就|差|的|服務,1.6,,
mark huang,Undefined or invalid parameter - num_stars,好吃,,5 個月前,在地嚮導 · 82 則評論,好吃,0.8,,
曾信元,Undefined or invalid parameter - num_stars,香Q,,5 個月前,在地嚮導 · 106 則評論,香|Q,0.8,,
黛,Undefined or invalid parameter - num_stars,不錯吃的萬巒豬腳,,5 個月前,4 則評論,不錯|吃|的|萬巒|豬腳,0.8,,
星辰,Undefined or invalid parameter - num_stars,好吃的豬腳配上特製的沾醬👍 …,,5 個月前,2 則評論,好吃|的|豬腳|配上|特製|的|沾醬👍|…,0.8,,
Jack Chen,Undefined or invalid parameter - num_stars,萬巒第一好吃,,5 個月前,10 則評論,萬巒|第一|好吃,0.8,,
Mango L,Undefined or invalid parameter - num_stars,豬腳Q彈好吃！,,6 個月前,在地嚮導 · 66 則評論,豬腳|Q|彈|好吃|！,0.8,,
lynn. Tsai,Undefined or invalid parameter - num_stars,好吃,,6 個月前,在地嚮導 · 16 則評論,好吃,0.8,,
蔡幸宜,Undefined or invalid parameter - num_stars,外帶豬尾巴回去吃很Q好吃😋 …,,6 個月前,2 則評論,外帶|豬|尾巴|回去|吃|很|Q|好|吃|😋|…,1.6,,
蕭愷,Undefined or invalid parameter - num_stars,不錯吃，服務很好。,,6 個月前,在地嚮導 · 175 則評論,不錯|吃|，|服務|很|好|。,1.6,,
吳鋐陞,Undefined or invalid parameter - num_stars,好吃,,6 個月前,在地嚮導 · 57 則評論,好吃,0.8,,
孝儀林,Undefined or invalid parameter - num_stars,好吃...真的不一樣服務人員很親切,,6 個月前,2 則評論,好吃|.|.|.|真的|不|一樣|服務|人員|很|親切,2.4000000000000004,,
陳美美,Undefined or invalid parameter - num_stars,豬腳很好吃，環境好，服務親切,,6 個月前,在地嚮導 · 26 則評論,豬腳|很|好吃|，|環境|好|，|服務|親切,2.4000000000000004,,
林姿君,Undefined or invalid parameter - num_stars,餐點好吃價位合理,,6 個月前,在地嚮導 · 78 則評論,餐點|好吃|價位|合理,1.6,,
YuRo,Undefined or invalid parameter - num_stars,好吃,,6 個月前,3 則評論,好吃,0.8,,
Mike Fang,Undefined or invalid parameter - num_stars,讚很好吃,,6 個月前,在地嚮導 · 43 則評論,讚|很|好吃,0.8,,
Ada Lin,Undefined or invalid parameter - num_stars,不愛吃豬腳的老婆都能接受了！,,6 個月前,在地嚮導 · 78 則評論,不|愛|吃|豬腳|的|老婆|都|能|接受|了|！,0.8,,
王潤智,Undefined or invalid parameter - num_stars,超好吃！,,6 個月前,在地嚮導 · 4 則評論,超|好吃|！,0.8,,
曾駿瑜,Undefined or invalid parameter - num_stars,真的好吃啦，二樓阿姨人超好的。,,6 個月前,18 則評論,真的|好吃|啦|，|二樓|阿姨人|超好|的|。,1.6,,
泓男陳,Undefined or invalid parameter - num_stars,豬腳好吃,,6 個月前,32 則評論,豬腳|好吃,0.8,,
洪金菊,Undefined or invalid parameter - num_stars,1. 附近有免費停車場，離豬腳街不遠2. 豬腳很嫩，搭配醬也很好吃3. 出餐算蠻快的 …,,6 個月前,2 則評論,1.|附近|有|免費|停車場|，|離|豬腳街|不遠|2|.|豬腳|很|嫩|，|搭配|醬|也|很|好吃|3.|出餐|算|蠻|快|的|…,5.0,,
蘇婉如,Undefined or invalid parameter - num_stars,肉質佳、爽口入味,,6 個月前,在地嚮導 · 25 則評論,肉質|佳|、|爽口入味,1.6,,
陳美雪,Undefined or invalid parameter - num_stars,在地的朋友介紹，這－家的豬腳很好吃，不會很硬也不會很軟。,,6 個月前,1 則評論,在|地|的|朋友|介紹|，|這|－|家|的|豬腳|很|好吃|，|不會|很|硬|也|不會|很|軟|。,3.0,,
徐海章,Undefined or invalid parameter - num_stars,好吃,,6 個月前,在地嚮導 · 7 則評論,好吃,0.8,,
梁英美,Undefined or invalid parameter - num_stars,名不虛傳真的很好吃,,6 個月前,26 則評論,名不虛傳|真的|很|好吃,1.6,,
朱世民,Undefined or invalid parameter - num_stars,肉Q彈，很吃，不死鹹，下次路過會在買👍👍👍 …,,6 個月前,在地嚮導 · 464 則評論,肉|Q彈|，|很|吃|，|不|死|鹹|，|下|次|路過|會|在|買|👍👍👍|…,2.4000000000000004,,
林雅惠,Undefined or invalid parameter - num_stars,好吃,,6 個月前,在地嚮導 · 25 則評論,好吃,0.8,,
林文祥,Undefined or invalid parameter - num_stars,好吃的豬腳,,6 個月前,在地嚮導 · 164 則評論,好吃|的|豬腳,0.8,,
陳延壽,Undefined or invalid parameter - num_stars,吃來吃去還是這家比較不鹹 肉也比較不柴 皮也比較軟Q 而且他們有蓋層布 你要時再掀開來給你挑 蒼蠅也比較少,,6 個月前,2 則評論,吃來吃去|還是|這|家|比較|不|鹹肉|也|比較|不|柴皮|也|比較|軟|Q|而且|他們|有|蓋|層布|你|要|時|再|掀開來|給|你|挑|蒼蠅|也|比較|少,2.0,,
黃達揚,Undefined or invalid parameter - num_stars,豬腳真的好吃，上菜也算迅速，若是意猶未盡還能外帶豬腳回家。,,6 個月前,在地嚮導 · 26 則評論,豬腳|真的|好吃|，|上菜|也|算|迅速|，|若是|意猶未盡|還|能|外帶|豬腳|回家|。,4.0,,
dephne lee,Undefined or invalid parameter - num_stars,豬腳超好吃，板條很香,,6 個月前,在地嚮導 · 14 則評論,豬腳|超|好吃|，|板條|很|香,1.6,,
GH kuo,Undefined or invalid parameter - num_stars,服務態度很好,,6 個月前,125 則評論,服務|態度|很|好,0.8,,
陳羿帆,Undefined or invalid parameter - num_stars,只要是一般的例假日，不要特別的大日子，譬如山父親節母親節，一般日子來幾乎都很好吃,,6 個月前,3 則評論,只要|是|一般|的|例假日|，|不要|特別|的|大|日子|，|譬如|山|父親節|母親節|，|一般|日子|來|幾乎|都|很|好吃,3.0,,
wesley HSU,Undefined or invalid parameter - num_stars,香噴噴的豬腳！不想排隊排太久的好選擇！,,6 個月前,7 則評論,香噴噴|的|豬腳|！|不|想|排隊|排|太|久|的|好|選擇|！,2.4000000000000004,,
青山,Undefined or invalid parameter - num_stars,林家豬腳，口味一樣令人討喜,,6 個月前,6 則評論,林家|豬腳|，|口味|一樣|令|人|討喜,1.6,,
胡筱娟,Undefined or invalid parameter - num_stars,豬腳皮很Q不是軟爛的豬腳現炒都有小盤適合4人以上來吃空心菜炒得很脆 …,,6 個月前,在地嚮導 · 96 則評論,豬腳皮|很|Q|不|是|軟爛|的|豬腳|現|炒|都|有|小盤|適合|4|人|以上|來|吃|空心菜|炒|得|很|脆|…,6.0,,
喬泰實業有限公司,Undefined or invalid parameter - num_stars,差,,6 個月前,在地嚮導 · 204 則評論,差,0.8,,
臭湯圓,Undefined or invalid parameter - num_stars,道地的萬巒風味，創店的阿嬤就坐在外面感受自己辛苦打造的豬腳王國，飯後可以沿著街道買買客家風味的當地小吃及伴手禮，回程可順道參訪~萬巒吊橋~萬金教堂~山川琉璃橋~山地門~大津瀑布~茂林風景區吊橋~里港餛飩~三羊羊肉爐。這是高屏地區~美食美景串聯的一條好路線。,,6 個月前,在地嚮導 · 329 則評論,道地|的|萬巒|風味|，|創店|的|阿嬤|就|坐|在|外面|感受|自己|辛苦|打造|的|豬腳|王國|，|飯|後|可以|沿著|街道|買買|客家|風味|的|當地|小吃|及|伴手禮|，|回程|可|順道|參訪|~|萬巒|吊橋|~|萬金|教堂|~|山川|琉璃橋|~|山地門|~|大津|瀑布|~|茂林|風景區|吊橋|~|里港|餛飩|~|三羊|羊肉爐|。|這|是|高屏|地區|~|美食|美景|串聯|的|一|條|好|路線|。,4.0,,
devis denata,Undefined or invalid parameter - num_stars,我認為是最好吃的豬腳，他的板條也非常好吃，下次會再去,,6 個月前,在地嚮導 · 7 則評論,我|認為|是|最|好吃|的|豬腳|，|他|的|板條|也|非常|好吃|，|下|次|會|再|去,2.0,,
Jiachi Chen,Undefined or invalid parameter - num_stars,好吃!,,6 個月前,4 則評論,好吃|!,0.8,,
Coloco,Undefined or invalid parameter - num_stars,萬巒必吃，好吃的豬腳,,6 個月前,"在地嚮導 · 1,623 則評論",萬|巒|必|吃|，|好吃|的|豬腳,1.6,,
王寶賢,Undefined or invalid parameter - num_stars,奇怪 這家上次吃沒開發票給我......為什麼有的人有發票？難道又是要主動要才會開嗎？,,6 個月前,在地嚮導 · 56 則評論,奇怪|這|家|上|次|吃|沒|開發票|給|我|.|.|.|.|.|.|為什麼|有的|人|有|發票|？|難道|又|是|要|主動|要|才|會|開|嗎|？,2.0,,
Φ Δ2πIλ,Undefined or invalid parameter - num_stars,早上就開了不用排隊XD,,6 個月前,在地嚮導,早上|就|開|了|不用|排隊|XD,0.8,,
林煒梁,Undefined or invalid parameter - num_stars,豬腳真的推推💯好吃～開這麼大間生意這麼好都是有道理的（原本很怕是觀光名店卻很雷的那種）🤣此行都沒有雷品～ …,,6 個月前,2 則評論,豬腳|真的|推推|💯|好吃|～|開|這麼|大|間|生意|這麼|好|都|是|有|道理|的|（|原本|很|怕|是|觀光|名|店|卻|很|雷|的|那|種|）|🤣|此|行|都|沒有|雷品|～|…,5.0,,
李晏惠,Undefined or invalid parameter - num_stars,不錯吃⋯假日人太多了生意好素質也不會差到哪裡所以給了鼓勵的4顆星🌟 …,,6 個月前,52 則評論,不錯|吃⋯|假日|人|太多|了|生意|好|素質|也|不會|差|到|哪裡|所以|給|了|鼓勵|的|4|顆|星🌟|…,4.0,,
龔麒全,Undefined or invalid parameter - num_stars,建議避開假日及節日。,,6 個月前,在地嚮導 · 589 則評論,建議|避開|假日|及|節日|。,0.0,,
阿中,Undefined or invalid parameter - num_stars,好吃外帶五包,,6 個月前,在地嚮導 · 291 則評論,好吃|外帶|五|包,0.8,,
ㄧㄧ,Undefined or invalid parameter - num_stars,如果遊客多時，不好停車購買,,7 個月前,在地嚮導 · 163 則評論,如果|遊客|多時|，|不|好|停車|購買,0.8,,
陳冠穎,Undefined or invalid parameter - num_stars,豬腳與附近幾家比起來腥味較輕，常吃比較不覺得噁心，不過其他家有炸豬腳可降低腥味，豬腳都滷的很透，軟、嫩、香，1年至少都買五隻以上，沒吃完一定要冷凍，不然隔一天就有些味道，2天一定臭掉喔,,7 個月前,1 則評論,豬腳|與|附近|幾|家|比起來|腥味|較|輕|，|常|吃|比較|不|覺得|噁心|，|不過|其他|家|有|炸豬腳|可|降低|腥味|，|豬腳|都|滷|的|很|透|，|軟|、|嫩|、|香|，|1|年|至少|都|買|五|隻|以上|，|沒|吃完|一定|要|冷凍|，|不然|隔|一|天|就|有|些|味道|，|2|天|一定|臭掉|喔,8.0,,
林宗德,Undefined or invalid parameter - num_stars,沒有開發票,,7 個月前,在地嚮導 · 33 則評論,沒有|開發票,0.0,,
楊佳樺,Undefined or invalid parameter - num_stars,好吃,,7 個月前,27 則評論,好吃,0.8,,
許鄭幸麗,Undefined or invalid parameter - num_stars,第一次到萬巒現場吃豬腳，果然新鮮的最好吃！菜色也很豐富，店家手腳很快，而且服務態度很好。不過這附近很難停車，如果有更好的規劃，相信會更美好。,,7 個月前,在地嚮導 · 2 則評論,第一|次|到|萬巒|現場|吃|豬腳|，|果然|新鮮|的|最|好吃|！|菜色|也|很|豐富|，|店家|手腳|很|快|，|而且|服務|態度|很|好|。|不過|這|附近|很|難|停車|，|如果|有|更|好|的|規劃|，|相信|會|更|美好|。,8.0,,
Francis Hsu,Undefined or invalid parameter - num_stars,餐點非常美味，是記憶中的客家味，豬腳入味，皮Q內嫩。只可惜炒板條可以再多些油蔥和醬油會更好吃。,,7 個月前,28 則評論,餐點|非常|美味|，|是|記憶|中|的|客家味|，|豬腳入味|，|皮|Q|內嫩|。|只|可惜|炒|板條|可以|再|多|些|油蔥|和|醬油|會|更|好吃|。,6.0,,
Fang Fang,Undefined or invalid parameter - num_stars,好吃不貴，可內用結帳沒拿到發票，但門口外面外帶豬腳卻有發票，好奇怪,,7 個月前,在地嚮導 · 89 則評論,好吃|不|貴|，|可|內|用|結帳|沒|拿到|發票|，|但|門口|外面|外帶|豬腳|卻|有|發票|，|好|奇怪,4.0,,
YinSquare,Undefined or invalid parameter - num_stars,吃東西好地方～價位平價～讚,,7 個月前,在地嚮導 · 35 則評論,吃|東西|好|地方|～|價位|平價|～|讚,0.8,,
Winnie Huang,Undefined or invalid parameter - num_stars,超愛林家的豬尾巴，好吃😋 …,,7 個月前,在地嚮導 · 6 則評論,超|愛|林家|的|豬|尾巴|，|好吃|😋|…,0.8,,
鄭人豪,Undefined or invalid parameter - num_stars,好吃 服務人員都很客氣！,,7 個月前,13 則評論,好吃|服務|人員|都|很|客氣|！,1.6,,
TY G,Undefined or invalid parameter - num_stars,曾經買2家不一樣店家的豬腳放一起比較~林家的就是香氣十足又好吃，從此只買林家！！品質穩定~醬料也超好吃！,,7 個月前,10 則評論,曾經|買|2|家|不|一樣|店家|的|豬腳|放|一起|比較|~|林家|的|就|是|香氣|十足|又|好吃|，|從此|只|買|林家|！|！|品質|穩定|~|醬料|也|超|好吃|！,7.0,,
FC,Undefined or invalid parameter - num_stars,基本上很好吃，發票不會主動給，要問才會給，這樣很不ok,,7 個月前,在地嚮導 · 190 則評論,基本|上|很|好吃|，|發票|不會|主動|給|，|要|問|才|會|給|，|這樣|很|不|ok,2.4000000000000004,,
Tom Chen,Undefined or invalid parameter - num_stars,好吃，早上去買吃不夠，下午又買一次,,7 個月前,在地嚮導 · 51 則評論,好吃|，|早上|去|買|吃|不|夠|，|下午|又|買|一|次,3.2,,
田三哥先生,Undefined or invalid parameter - num_stars,過年來買豬腳坐在2樓，豬腳還是好吃，直接外帶然後在樓上把大骨先挑出來吃掉，就不會提很重回家，醬料真的一絕 …,,7 個月前,在地嚮導 · 284 則評論,過年|來|買|豬腳|坐|在|2樓|，|豬腳|還是|好吃|，|直接|外帶|然後|在|樓上|把|大|骨|先|挑出來|吃掉|，|就|不會|提|很|重回家|，|醬料|真的|一絕|…,4.0,,
吳崇民,Undefined or invalid parameter - num_stars,豬腳不油膩、蠻好吃的。叫的菜、口味也都不錯。豬腳半支、白飯三碗， …,,7 個月前,在地嚮導 · 91 則評論,豬腳|不|油膩|、|蠻|好吃|的|。|叫|的|菜|、|口味|也|都|不錯|。|豬腳|半|支|、|白飯|三|碗|，|…,3.0,,
小品,Undefined or invalid parameter - num_stars,林家萬巒豬腳表皮有油亮醬色的樣貌，肉的部分都不會乾柴，有帶點彈韌並吃起來味道透心與表皮Q彈微韌，有著鮮明滷汁的香味及豬腳肉沾著蒜蓉醬汁夾帶一些鹹甜，會越吃越上癮與人回味的。,,7 個月前,24 則評論,林家|萬巒|豬腳|表皮|有|油亮|醬色|的|樣貌|，|肉|的|部分|都|不會|乾柴|，|有|帶|點|彈韌|並|吃起來|味道|透心|與|表皮|Q彈|微韌|，|有|著|鮮明|滷汁|的|香味|及|豬腳肉|沾|著|蒜蓉|醬汁|夾帶|一些|鹹甜|，|會|越|吃|越|上癮|與|人|回味|的|。,7.0,,
Steven,Undefined or invalid parameter - num_stars,肉感還不錯，但可惜好吃的沾醬真的太鹹了….因為重點就是想吃豬腳拌著沾醬的好味道ㄚ😮‍💨 以前不會，但現在怎麼變了…. …,,7 個月前,在地嚮導 · 19 則評論,肉感|還|不錯|，|但|可惜|好吃|的|沾醬|真的|太|鹹|了|…|.|因為|重點|就|是|想|吃|豬腳|拌|著|沾|醬|的|好|味道|ㄚ😮‍💨|以前|不會|，|但|現在|怎麼|變|了|…|.|…,6.0,,
YC-Fairfax Hsu (茶米),Undefined or invalid parameter - num_stars,豬腳好吃，不會太鹹。醬料也很讚。,,7 個月前,在地嚮導 · 65 則評論,豬腳|好吃|，|不會|太|鹹|。|醬料|也|很|讚|。,2.4000000000000004,,
林芳蓁,Undefined or invalid parameter - num_stars,豬腳Q彈好吃！花生豆腐也推推！,,7 個月前,在地嚮導 · 160 則評論,豬腳|Q|彈|好吃|！|花生|豆腐|也|推推|！,1.6,,
林上揚,Undefined or invalid parameter - num_stars,水準接近萬泰，薑絲炒大腸，炒粄條蠻好吃的，不想排萬泰可以考慮這家，海鴻千萬別去...,,7 個月前,在地嚮導,水準|接近|萬泰|，|薑絲|炒|大腸|，|炒|粄條|蠻|好吃|的|，|不|想|排萬泰|可以|考慮|這|家|，|海鴻|千萬|別|去|...,2.0,,
姜祈昌,Undefined or invalid parameter - num_stars,很滑嫩軟Q，很好吃,,7 個月前,在地嚮導 · 102 則評論,很|滑嫩|軟|Q|，|很|好吃,2.4000000000000004,,
林文彬,Undefined or invalid parameter - num_stars,林家，海鴻，萬泰都非常好吃,,7 個月前,215 則評論,林家|，|海鴻|，|萬泰|都|非常|好吃,0.8,,
蘇盟傑,Undefined or invalid parameter - num_stars,皮很Q醬味很足吃起來不油膩,,7 個月前,在地嚮導 · 2 則評論,皮|很|Q|醬味|很|足|吃起來|不|油膩,1.6,,
碧峰許,Undefined or invalid parameter - num_stars,終於吃到正宗的萬巒豬腳了～（撒花）🎉🎉20220202-初訪 …,,7 個月前,在地嚮導 · 159 則評論,終於|吃到|正宗|的|萬巒|豬腳|了|～|（|撒花|）|🎉🎉|20220202|-|初訪|…,0.8,,
嬌小賀,Undefined or invalid parameter - num_stars,個人口感~及身邊朋友評比~林家>海鴻>熊家每次來買都要先啃個半隻豬腳再走,,7 個月前,在地嚮導,個人|口感|~|及|身邊|朋友|評比|~|林家|>|海鴻|>|熊家|每|次|來|買|都|要|先|啃|個|半|隻|豬腳|再|走,2.0,,
毛秋紅,Undefined or invalid parameter - num_stars,態度不很優，不會光顧了,,7 個月前,在地嚮導 · 100 則評論,態度|不|很|優|，|不會|光顧|了,1.6,,
蔡宗霖,Undefined or invalid parameter - num_stars,好吃,,7 個月前,在地嚮導 · 35 則評論,好吃,0.8,,
猜猜,Undefined or invalid parameter - num_stars,在豬腳街一整排，還是喜歡林家的粄條油蔥超香的跟豬腳醬料，尤其醬料根本是靈魂。,,7 個月前,在地嚮導 · 489 則評論,在|豬腳街|一|整|排|，|還是|喜歡|林家|的|粄條|油蔥|超香|的|跟|豬腳|醬料|，|尤其|醬料|根本|是|靈魂|。,1.0,,
莊孝唯,Undefined or invalid parameter - num_stars,萬巒林家豬腳 …,,7 個月前,3 則評論,萬巒林|家|豬腳|…,0.0,,
ERIC LIN,Undefined or invalid parameter - num_stars,還不錯，萬巒只吃這間。,,7 個月前,5 則評論,還|不錯|，|萬巒|只|吃|這|間|。,0.8,,
劉靜明,Undefined or invalid parameter - num_stars,豬腳好吃不油膩、推薦蛤仔湯鮮甜美味,,7 個月前,在地嚮導 · 87 則評論,豬腳|好吃|不|油膩|、|推薦|蛤仔湯|鮮甜|美味,3.2,,
Fanfan,Undefined or invalid parameter - num_stars,昨天去萬巒買豬腳，一共買了三家知名老店，只有林家豬腳主動開發票給顧客，而且又特別好吃，真是值得推薦的好店。,,7 個月前,在地嚮導 · 167 則評論,昨天|去|萬巒|買|豬腳|，|一共|買|了|三|家|知名|老店|，|只有|林家|豬腳|主動|開發票|給|顧客|，|而且|又|特別|好吃|，|真是|值得|推薦|的|好|店|。,6.0,,
盧岳君,Undefined or invalid parameter - num_stars,正宗萬巒，猪.脚的/介绍評語已經在一週前完成這些評語却错放置於高雄喜憨兒餐廳的位置上.敬請代為更正,,7 個月前,7 則評論,正宗|萬巒|，|猪|.|脚|的|/|介绍|評語|已經|在|一|週|前|完成|這些|評語|却错|放置|於|高雄|喜憨兒|餐廳|的|位置|上|.|敬請|代為|更正,0.0,,
魏啟益,Undefined or invalid parameter - num_stars,林家好吃(尤其醬油),,7 個月前,在地嚮導 · 77 則評論,林家|好吃|(|尤其|醬油|),0.8,,
JiLL Kuo,Undefined or invalid parameter - num_stars,經濟實惠、餐點好吃！,,7 個月前,在地嚮導 · 14 則評論,經濟|實惠|、|餐點|好吃|！,1.6,,
彭寶娟,Undefined or invalid parameter - num_stars,買了宅配 訂購豬腳與蜜汁肉乾，  建議店家能把豬腳跟肉乾系列等產品分開寄送，而不是放一起低溫宅配... 這樣肉乾冰過變硬讓人怎麼吃啊～ 不過豬腳很好吃 會在回購,,7 個月前,在地嚮導 · 13 則評論,買|了|宅配|訂購|豬腳|與|蜜汁|肉乾|，|建議|店家|能|把|豬腳|跟|肉乾|系列|等|產品|分開|寄送|，|而|不|是|放|一起|低溫|宅配|.|.|.|這樣|肉乾|冰|過|變硬|讓|人|怎麼|吃|啊|～|不過|豬腳|很|好吃|會|在|回購,8.0,,
Brenda Chen,Undefined or invalid parameter - num_stars,沒有明顯標示停車場，現場也沒有人安排顧客怎麼點餐或外帶，一直讓顧客在那邊（像無頭蒼蠅）到處找人詢問，而又被（不小心）出菜人員（口氣不好）的告知擋住去路或怕意外，超級無言，希望貴公司有改善空間，謝謝,,7 個月前,在地嚮導 · 51 則評論,沒有|明顯|標示|停車場|，|現場|也|沒有|人|安排|顧客|怎麼|點餐|或|外帶|，|一直|讓|顧客|在|那邊|（|像|無|頭|蒼蠅|）|到處|找|人|詢問|，|而|又|被|（|不|小心|）|出菜|人員|（|口氣|不|好|）|的|告知|擋住|去路|或|怕|意外|，|超級|無言|，|希望|貴|公司|有|改善|空間|，|謝謝,4.0,,
馮國棟,Undefined or invalid parameter - num_stars,醬料感覺有稍微變🤔🤔 …,,7 個月前,在地嚮導 · 128 則評論,醬料|感覺|有|稍微|變|🤔🤔|…,0.0,,
周錦汝,Undefined or invalid parameter - num_stars,跟著團購的買了一袋照著背面指示解凍後微波5分鐘可惜來不及馬上熱熱吃 …,,7 個月前,在地嚮導 · 316 則評論,跟著|團|購|的|買|了|一|袋|照著|背面|指示|解凍|後|微波|5|分鐘|可惜|來不及|馬上|熱熱|吃|…,3.0,,
李嘉儀,Undefined or invalid parameter - num_stars,特地帶家人前往，一開始來了豬腳和四碗白飯後便沒下文，期間詢問了幾次，都說等等就來了. …,,7 個月前,在地嚮導 · 136 則評論,特地|帶|家人|前往|，|一|開始|來|了|豬腳|和|四|碗|白飯|後|便|沒|下文|，|期間|詢問|了|幾|次|，|都|說|等等|就|來|了|.|…,2.0,,
gary wu,Undefined or invalid parameter - num_stars,附近三大家都吃過這次吃起來最過癮這次跟家人就可以點比較多樣菜 …,,7 個月前,13 則評論,附近|三|大家|都|吃|過|這|次|吃起來|最|過癮|這|次|跟|家人|就|可以|點|比較|多|樣|菜|…,4.0,,
謝錦雀,Undefined or invalid parameter - num_stars,從小吃到大,,7 個月前,在地嚮導 · 17 則評論,從小|吃到|大,1.6,,
吳志鋼,Undefined or invalid parameter - num_stars,滷的皮很Q，外帶一份自己吃個四餐就吃光光了,,7 個月前,在地嚮導 · 2 則評論,滷|的|皮|很|Q|，|外帶|一|份|自己|吃|個|四|餐|就|吃光光|了,0.8,,
Li Yaxuan rembourse l'argent,Undefined or invalid parameter - num_stars,美味😋好吃👍 …,,7 個月前,在地嚮導 · 25 則評論,美味|😋|好|吃|👍|…,1.6,,
yu wen liao,Undefined or invalid parameter - num_stars,滷的夠火候，醬汁甜鹹對味。,,7 個月前,在地嚮導 · 337 則評論,滷|的|夠|火候|，|醬汁|甜|鹹|對味|。,3.2,,
黃美美,Undefined or invalid parameter - num_stars,喜歡 😘一段時間就想吃 …,,7 個月前,34 則評論,喜歡|😘|一|段|時間|就|想|吃|…,0.0,,
yan yan,Undefined or invalid parameter - num_stars,人潮多，排很久。豬腳屬於涼的，Q的那一種。,,7 個月前,19 則評論,人潮|多|，|排|很|久|。|豬腳|屬於|涼|的|，|Q|的|那|一|種|。,2.4000000000000004,,
葉嘉豪,Undefined or invalid parameter - num_stars,網路上（官網）說明林家好食券(信用卡）可以使用，但是店家說政府沒有給他們條碼所以不能使用？請問這樣是不是在欺騙消費者來這裡消費？那這樣你們就不應該在網路上說可收可好食券讓消費者誤導。我也不會再來這間消費了！消費後心情真的差！！,,7 個月前,5 則評論,網路|上|（|官網|）|說明|林家|好食券|(|信用卡|）|可以|使用|，|但是|店家|說|政府|沒有|給|他們|條碼|所以|不能|使用|？|請問|這樣|是|不|是|在|欺騙|消費者|來|這裡|消費|？|那|這樣|你們|就|不應該|在|網路|上|說|可|收|可|好|食券|讓|消費者|誤導|。|我|也|不會|再|來|這|間|消費|了|！|消費|後|心情|真的|差|！|！,7.0,,
吳耀方方土,Undefined or invalid parameter - num_stars,趁著放假要回家，想說騎車去買點給家人吃，結果買500有一大半都是豬骨（超重），可能看我是學生比較好騙？反正以後不會買他們家的了，真的太誇張，尤其要外帶的小心，記得要要死死的盯他們切肉。,,7 個月前,在地嚮導 · 17 則評論,趁著|放假|要|回家|，|想說|騎車|去|買|點|給|家人|吃|，|結果|買|500|有|一大半|都|是|豬骨|（|超重|）|，|可能|看|我|是|學生|比較|好|騙|？|反正|以後|不會|買|他們|家|的|了|，|真的|太|誇張|，|尤其|要|外帶|的|小心|，|記得|要要|死死|的|盯|他們|切|肉|。,7.0,,
阿財,Undefined or invalid parameter - num_stars,經濟實惠,,7 個月前,5 則評論,經濟|實惠,0.8,,
林秋雲,Undefined or invalid parameter - num_stars,以前到現在都是來林家享用午餐，必點1份脆皮豬腳；唯因製作較費時間，現已在菜單中消失了，好回味！,,7 個月前,5 則評論,以前|到|現在|都|是|來|林家|享用|午餐|，|必|點|1|份|脆皮|豬腳|；|唯|因|製作|較|費|時間|，|現已|在|菜單|中|消失|了|，|好|回味|！,1.0,,
楊雅玲,Undefined or invalid parameter - num_stars,豬腳好吃 ！不會像別家放到變冷，被風吹乾才端上桌,,7 個月前,在地嚮導 · 32 則評論,豬腳|好吃|！|不會|像|別|家|放到|變|冷|，|被|風|吹乾|才|端上|桌,1.6,,
鍾東桓,Undefined or invalid parameter - num_stars,假日人多，難停車，青菜，炒菜都不錯，豬腳好吃，粿條古早味…,,7 個月前,在地嚮導 · 29 則評論,假日|人|多|，|難|停車|，|青菜|，|炒|菜|都|不錯|，|豬腳|好吃|，|粿條|古早味|…,3.2,,
林新凱,Undefined or invalid parameter - num_stars,本來在萬丹買完紅豆餅要直接到林家萬丹店買的，沒想到竟然關了！只好殺來這邊買了，因為剛吃好喜酒，只買跟代買了幾隻豬腳回家，可以請店家幫忙切喔！話說…實在是太香了，開回家的路上，忍不住在休息站吃了起來！本斥但香！,,7 個月前,13 則評論,本來|在|萬丹|買完|紅豆餅|要|直接|到|林家|萬丹店|買|的|，|沒想到|竟然|關|了|！|只好|殺來|這邊|買|了|，|因為|剛|吃好|喜酒|，|只|買|跟代|買|了|幾|隻|豬腳|回家|，|可以|請|店家|幫忙|切|喔|！|話|說|…|實在|是|太|香|了|，|開|回家|的|路|上|，|忍不住|在|休息站|吃|了|起來|！|本斥|但|香|！,6.0,,
I-SHEN TING,Undefined or invalid parameter - num_stars,豬腳實在很好吃,,7 個月前,7 則評論,豬腳|實在|很|好吃,0.8,,
劉欣民,Undefined or invalid parameter - num_stars,整體而言，覺得是萬巒最好的豬腳，但是這很看個人口味，僅供參考。,,7 個月前,在地嚮導 · 59 則評論,整體|而言|，|覺得|是|萬巒|最|好|的|豬腳|，|但是|這|很|看|個人|口味|，|僅|供|參考|。,1.0,,
Yayin Huang,Undefined or invalid parameter - num_stars,好吃,,7 個月前,在地嚮導 · 171 則評論,好吃,0.8,,
龜太郎,Undefined or invalid parameter - num_stars,終於見識到所謂的萬巒豬腳一條街，在屏東萬巒鄉這個地方有條街叫民和路，賣豬腳的餐廳林立，細數有林家、熊家、海鴻、萭泰、共有四家，每家大同小異，尚未嘗遍味道，無法判斷優劣，也許多去幾次就會有比較了。,,7 個月前,在地嚮導 · 97 則評論,終於|見識到|所謂|的|萬巒|豬腳|一|條|街|，|在|屏東|萬巒鄉|這|個|地方|有|條|街|叫|民和路|，|賣|豬腳|的|餐廳|林立|，|細數|有|林家|、|熊家|、|海鴻|、|萭泰|、|共有|四|家|，|每|家|大同小異|，|尚未|嘗遍|味道|，|無法|判斷|優劣|，|也許多|去|幾|次|就|會|有|比較|了|。,3.0,,
王亭嵐,Undefined or invalid parameter - num_stars,好吃又價格實惠，服務非常親切，停車很方便,,7 個月前,在地嚮導 · 767 則評論,好吃|又|價格|實惠|，|服務|非常|親切|，|停車|很|方便,3.2,,
永善張,Undefined or invalid parameter - num_stars,好吃的豬,,8 個月前,在地嚮導 · 311 則評論,好吃|的|豬,0.8,,
羅杏香,Undefined or invalid parameter - num_stars,屬於耐嚼的豬腳 不是燉很爛那種,,8 個月前,87 則評論,屬於|耐|嚼|的|豬腳|不|是|燉|很|爛|那|種,0.8,,
小老肥,Undefined or invalid parameter - num_stars,人員親切,,8 個月前,在地嚮導 · 103 則評論,人員|親切,0.8,,
盧啟明,Undefined or invalid parameter - num_stars,道地老店,,8 個月前,在地嚮導 · 92 則評論,道地|老店,0.8,,
鐵拳無敵孫中山,Undefined or invalid parameter - num_stars,花生豆腐真的讓人驚艷阿！,,8 個月前,在地嚮導 · 15 則評論,花生|豆腐|真的|讓|人|驚艷|阿|！,0.8,,
林源智,Undefined or invalid parameter - num_stars,"服務態度親切,送餐迅速",,8 個月前,4 則評論,"服務|態度|親切|,|送|餐|迅速",1.6,,
Kent Lien,Undefined or invalid parameter - num_stars,非常好吃，不油,,8 個月前,98 則評論,非常|好吃|，|不|油,0.8,,
何麗觀,Undefined or invalid parameter - num_stars,豬腳好吃夠味.食材新鮮.服務很好👍謝謝客庄劵招待😍 …,,8 個月前,在地嚮導 · 171 則評論,豬腳|好吃|夠味|.|食材|新鮮|.|服務|很|好|👍|謝謝|客庄|劵|招待|😍|…,3.2,,
coldcool (木星人),Undefined or invalid parameter - num_stars,停車方便，氣氛容洽，態度親切，食材美味，出菜速度快，環境熱鬧，價格親民。,,8 個月前,在地嚮導 · 47 則評論,停車|方便|，|氣氛|容洽|，|態度|親切|，|食材|美味|，|出菜|速度|快|，|環境|熱鬧|，|價格|親民|。,7.0,,
Bruce Lee,Undefined or invalid parameter - num_stars,豬腳不錯吃，只是用餐環境太擁擠。,,8 個月前,78 則評論,豬腳|不錯|吃|，|只是|用餐|環境|太|擁擠|。,1.6,,
滋滋滋,Undefined or invalid parameter - num_stars,肉質軟硬適中，醬料風味十足。,,8 個月前,在地嚮導 · 5 則評論,肉質|軟硬|適中|，|醬料|風味|十足|。,1.6,,
Bigi Hsu,Undefined or invalid parameter - num_stars,好香 很不錯,,8 個月前,4 則評論,好|香|很|不錯,1.6,,
Jhou,Undefined or invalid parameter - num_stars,好吃，感覺跟海鴻差不多,,8 個月前,在地嚮導 · 101 則評論,好吃|，|感覺|跟|海鴻|差不多,1.6,,
吳黑輪,Undefined or invalid parameter - num_stars,豬腳魯的很好吃,,8 個月前,在地嚮導 · 26 則評論,豬腳魯|的|很|好吃,0.8,,
余金土,Undefined or invalid parameter - num_stars,超好吃的啦,,8 個月前,1 則評論,超|好吃|的|啦,0.8,,
Blueangel Hung,Undefined or invalid parameter - num_stars,有停車場很方便 豬腳也很香不油膩好吃 缺點是桌上鋪的塑膠桌布一直飄起來 以及不能刷卡消費,,8 個月前,在地嚮導 · 22 則評論,有|停車場|很|方便|豬腳|也|很|香|不|油膩|好吃|缺點|是|桌|上|鋪|的|塑膠|桌布|一直|飄起來|以及|不能|刷卡|消費,4.0,,
Mark Chen,Undefined or invalid parameter - num_stars,豬腳好吃，每次吃完飯都會外帶豬腳回家，糖醋魚、薑絲炒大腸屬於偏酸的味道，板條好吃,,8 個月前,在地嚮導 · 156 則評論,豬腳|好吃|，|每|次|吃完|飯|都|會|外帶|豬腳|回家|，|糖醋魚|、|薑絲|炒|大腸|屬於|偏|酸|的|味道|，|板條|好吃,4.0,,
李ㄚ鈞,Undefined or invalid parameter - num_stars,跟另一間有名的店，林家完勝,,8 個月前,在地嚮導 · 53 則評論,跟|另|一|間|有名|的|店|，|林家|完勝,1.6,,
阿榮,Undefined or invalid parameter - num_stars,肥瘦比例甚佳的豬腳～,,8 個月前,在地嚮導 · 222 則評論,肥瘦|比例|甚|佳|的|豬腳|～,1.6,,
吳美鳳,Undefined or invalid parameter - num_stars,還可以,,8 個月前,在地嚮導 · 437 則評論,還可以,0.0,,
郭慧雯,Undefined or invalid parameter - num_stars,差勁，點一隻豬腳，510元。為何切時瘦內扣押放入別盤，換旁邊零散肥肉。太不良的商人。再也不會去，看好豬腳小心被釣包。,,8 個月前,在地嚮導 · 61 則評論,差勁|，|點|一|隻|豬腳|，|510|元|。|為何|切時|瘦|內|扣押|放入|別|盤|，|換|旁邊|零散|肥肉|。|太|不良|的|商人|。|再|也|不會|去|，|看好|豬腳|小心|被|釣包|。,5.0,,
林小姐,Undefined or invalid parameter - num_stars,好吃,,8 個月前,在地嚮導 · 6 則評論,好吃,0.8,,
仔仔,Undefined or invalid parameter - num_stars,整體還蠻好吃的，但價格也真的蠻高的~,,8 個月前,在地嚮導 · 42 則評論,整體|還|蠻|好吃|的|，|但|價格|也|真的|蠻|高|的|~,1.6,,
鄭有榮,Undefined or invalid parameter - num_stars,豬腳很好吃，有專屬停車場!,,8 個月前,在地嚮導 · 16 則評論,豬腳|很|好吃|，|有|專屬|停車場|!,0.8,,
黃祈春,Undefined or invalid parameter - num_stars,價格公道，口味優秀,,8 個月前,7 則評論,價格|公道|，|口味|優秀,0.8,,
黃居明,Undefined or invalid parameter - num_stars,豬腳好吃，劍筍很難吃,,8 個月前,在地嚮導 · 5 則評論,豬腳|好吃|，|劍筍|很|難吃,1.6,,
蔡硯丞,Undefined or invalid parameter - num_stars,經典的老饕口味半隻豬腳+主食 兩個人就可以吃很飽！,,8 個月前,在地嚮導 · 191 則評論,經典|的|老饕|口味|半|隻|豬腳|+|主食|兩|個|人|就|可以|吃|很|飽|！,1.6,,
張文龍,Undefined or invalid parameter - num_stars,停車方便，豬腳美味,,8 個月前,在地嚮導 · 224 則評論,停車|方便|，|豬腳|美味,1.6,,
艾思可,Undefined or invalid parameter - num_stars,除了豬腳以外，其他的菜色也很好吃，炒空心菜更是一絕！,,8 個月前,在地嚮導 · 36 則評論,除了|豬腳|以外|，|其他|的|菜色|也|很|好吃|，|炒|空心菜|更|是|一絕|！,0.8,,
阿信,Undefined or invalid parameter - num_stars,從小吃到大的好味道,,8 個月前,在地嚮導 · 119 則評論,從小|吃到|大|的|好|味道,2.4000000000000004,,
az只是玩玩,Undefined or invalid parameter - num_stars,吃過那麼多間真的就林家最好吃，買回家熱來吃也是很讚！後悔買太少了，吃完再來用宅配的👍 …,,8 個月前,在地嚮導 · 14 則評論,吃|過|那麼多|間|真的|就|林家|最|好吃|，|買回家|熱|來|吃|也|是|很|讚|！|後悔|買|太少|了|，|吃完|再|來|用|宅配|的|👍|…,6.0,,
鄒雅湘,Undefined or invalid parameter - num_stars,現切現真空,,8 個月前,450 則評論,現|切現|真空,0.8,,
Ya-Han Li,Undefined or invalid parameter - num_stars,好吃,,8 個月前,在地嚮導 · 8 則評論,好吃,0.8,,
小懶蕭,Undefined or invalid parameter - num_stars,服務態度還不錯，豬腳真的蠻好吃的，但是炒劍筍乾乾的還有一個奇怪的味道有點雷,,8 個月前,在地嚮導 · 478 則評論,服務|態度|還|不錯|，|豬腳|真的|蠻|好吃|的|，|但是|炒|劍筍|乾乾|的|還|有|一|個|奇怪|的|味道|有點|雷,4.0,,
Thị Hoài Đỗ,Undefined or invalid parameter - num_stars,不死鹹，香,,8 個月前,在地嚮導 · 569 則評論,不|死|鹹|，|香,2.4000000000000004,,
Angelia Chou,Undefined or invalid parameter - num_stars,皮很Q,,8 個月前,在地嚮導 · 3 則評論,皮|很|Q,0.8,,
陳弘邦,Undefined or invalid parameter - num_stars,服務很好，老闆娘和店員都很熱情，豬腳也很好吃,,8 個月前,在地嚮導 · 310 則評論,服務|很|好|，|老闆娘|和|店員|都|很|熱情|，|豬腳|也|很|好吃,2.4000000000000004,,
張永青,Undefined or invalid parameter - num_stars,內用豬腳比較推薦，吃完再外帶一份回家，很滿足！,,8 個月前,在地嚮導 · 186 則評論,內用|豬腳|比較|推薦|，|吃完|再|外帶|一|份|回家|，|很|滿足|！,1.6,,
Chang Cheng Huang,Undefined or invalid parameter - num_stars,好的,,8 個月前,在地嚮導 · 73 則評論,好|的,0.8,,
Wayfarer,Undefined or invalid parameter - num_stars,一隻好像550NTD,,8 個月前,在地嚮導 · 308 則評論,一|隻|好像|550|NTD,0.0,,
鄭歡讚,Undefined or invalid parameter - num_stars,就是這麼的好吃的食物,,8 個月前,在地嚮導 · 49 則評論,就|是|這麼|的|好吃|的|食物,1.6,,
愛食客麒麟,Undefined or invalid parameter - num_stars,最愛吃這一家了 口味真好 好香喲,,8 個月前,在地嚮導 · 22 則評論,最|愛|吃|這|一|家|了|口味|真|好好|香|喲,1.6,,
David Jou,Undefined or invalid parameter - num_stars,花生豆腐/万豬脚/板條,,8 個月前,在地嚮導 · 130 則評論,花生|豆腐|/|万豬脚|/|板條,0.0,,
朱小良,Undefined or invalid parameter - num_stars,屏東縣萬巒傳統豬腳美味,,8 個月前,在地嚮導 · 90 則評論,屏東縣|萬巒|傳統|豬腳|美味,1.6,,
